TRACE native START
CMakeFiles/exact_bvi_v3.dir/C_/Users/wurre/Desktop/PAS-zero-miss-r4-20261006/research/bvi_cold_v3/contact_policy.cpp.obj.ddi: #deps 2, deps mtime 8129903517727709 (VALID)
    ../../research/bvi_cold_v3/bvi.hpp
    ../../research/bvi_cold_v3/contact_policy.hpp

CMakeFiles/exact_bvi_v3.dir/C_/Users/wurre/Desktop/PAS-zero-miss-r4-20261006/research/bvi_cold_v3/bvi.cpp.obj.ddi: #deps 3, deps mtime 8129903518042743 (VALID)
    ../../research/bvi_cold_v3/bvi.hpp
    ../../research/bvi_cold_v3/contact_policy.hpp
    ../../research/bvi_cold_v3/relation_policy.hpp

CMakeFiles/exact_bvi_v3.dir/C_/Users/wurre/Desktop/PAS-zero-miss-r4-20261006/research/bvi_cold_v3/relation_policy.cpp.obj.ddi: #deps 2, deps mtime 8129903518042743 (VALID)
    ../../research/bvi_cold_v3/bvi.hpp
    ../../research/bvi_cold_v3/relation_policy.hpp

CMakeFiles/exact_bvi_v3.dir/C_/Users/wurre/Desktop/PAS-zero-miss-r4-20261006/research/bvi_cold_v3/constraint_policy.cpp.obj.ddi: #deps 2, deps mtime 8129903518178023 (VALID)
    ../../research/bvi_cold_v3/bvi.hpp
    ../../research/bvi_cold_v3/relation_policy.hpp

CMakeFiles/current_front.dir/C_/Users/wurre/Desktop/PAS-zero-miss-r4-20261006/research/hold_front_current/front.cpp.obj.ddi: #deps 49, deps mtime 8129903522709690 (VALID)
    ../../../Phigros-Auto-play-System/out/vcpkg_installed/x64-windows/include/nlohmann/adl_serializer.hpp
    ../../../Phigros-Auto-play-System/out/vcpkg_installed/x64-windows/include/nlohmann/byte_container_with_subtype.hpp
    ../../../Phigros-Auto-play-System/out/vcpkg_installed/x64-windows/include/nlohmann/detail/abi_macros.hpp
    ../../../Phigros-Auto-play-System/out/vcpkg_installed/x64-windows/include/nlohmann/detail/conversions/from_json.hpp
    ../../../Phigros-Auto-play-System/out/vcpkg_installed/x64-windows/include/nlohmann/detail/conversions/to_chars.hpp
    ../../../Phigros-Auto-play-System/out/vcpkg_installed/x64-windows/include/nlohmann/detail/conversions/to_json.hpp
    ../../../Phigros-Auto-play-System/out/vcpkg_installed/x64-windows/include/nlohmann/detail/exceptions.hpp
    ../../../Phigros-Auto-play-System/out/vcpkg_installed/x64-windows/include/nlohmann/detail/hash.hpp
    ../../../Phigros-Auto-play-System/out/vcpkg_installed/x64-windows/include/nlohmann/detail/input/binary_reader.hpp
    ../../../Phigros-Auto-play-System/out/vcpkg_installed/x64-windows/include/nlohmann/detail/input/input_adapters.hpp
    ../../../Phigros-Auto-play-System/out/vcpkg_installed/x64-windows/include/nlohmann/detail/input/json_sax.hpp
    ../../../Phigros-Auto-play-System/out/vcpkg_installed/x64-windows/include/nlohmann/detail/input/lexer.hpp
    ../../../Phigros-Auto-play-System/out/vcpkg_installed/x64-windows/include/nlohmann/detail/input/parser.hpp
    ../../../Phigros-Auto-play-System/out/vcpkg_installed/x64-windows/include/nlohmann/detail/input/position_t.hpp
    ../../../Phigros-Auto-play-System/out/vcpkg_installed/x64-windows/include/nlohmann/detail/iterators/internal_iterator.hpp
    ../../../Phigros-Auto-play-System/out/vcpkg_installed/x64-windows/include/nlohmann/detail/iterators/iter_impl.hpp
    ../../../Phigros-Auto-play-System/out/vcpkg_installed/x64-windows/include/nlohmann/detail/iterators/iteration_proxy.hpp
    ../../../Phigros-Auto-play-System/out/vcpkg_installed/x64-windows/include/nlohmann/detail/iterators/iterator_traits.hpp
    ../../../Phigros-Auto-play-System/out/vcpkg_installed/x64-windows/include/nlohmann/detail/iterators/json_reverse_iterator.hpp
    ../../../Phigros-Auto-play-System/out/vcpkg_installed/x64-windows/include/nlohmann/detail/iterators/primitive_iterator.hpp
    ../../../Phigros-Auto-play-System/out/vcpkg_installed/x64-windows/include/nlohmann/detail/json_custom_base_class.hpp
    ../../../Phigros-Auto-play-System/out/vcpkg_installed/x64-windows/include/nlohmann/detail/json_pointer.hpp
    ../../../Phigros-Auto-play-System/out/vcpkg_installed/x64-windows/include/nlohmann/detail/json_ref.hpp
    ../../../Phigros-Auto-play-System/out/vcpkg_installed/x64-windows/include/nlohmann/detail/macro_scope.hpp
    ../../../Phigros-Auto-play-System/out/vcpkg_installed/x64-windows/include/nlohmann/detail/macro_unscope.hpp
    ../../../Phigros-Auto-play-System/out/vcpkg_installed/x64-windows/include/nlohmann/detail/meta/call_std/begin.hpp
    ../../../Phigros-Auto-play-System/out/vcpkg_installed/x64-windows/include/nlohmann/detail/meta/call_std/end.hpp
    ../../../Phigros-Auto-play-System/out/vcpkg_installed/x64-windows/include/nlohmann/detail/meta/cpp_future.hpp
    ../../../Phigros-Auto-play-System/out/vcpkg_installed/x64-windows/include/nlohmann/detail/meta/detected.hpp
    ../../../Phigros-Auto-play-System/out/vcpkg_installed/x64-windows/include/nlohmann/detail/meta/identity_tag.hpp
    ../../../Phigros-Auto-play-System/out/vcpkg_installed/x64-windows/include/nlohmann/detail/meta/is_sax.hpp
    ../../../Phigros-Auto-play-System/out/vcpkg_installed/x64-windows/include/nlohmann/detail/meta/std_fs.hpp
    ../../../Phigros-Auto-play-System/out/vcpkg_installed/x64-windows/include/nlohmann/detail/meta/type_traits.hpp
    ../../../Phigros-Auto-play-System/out/vcpkg_installed/x64-windows/include/nlohmann/detail/meta/void_t.hpp
    ../../../Phigros-Auto-play-System/out/vcpkg_installed/x64-windows/include/nlohmann/detail/output/binary_writer.hpp
    ../../../Phigros-Auto-play-System/out/vcpkg_installed/x64-windows/include/nlohmann/detail/output/output_adapters.hpp
    ../../../Phigros-Auto-play-System/out/vcpkg_installed/x64-windows/include/nlohmann/detail/output/serializer.hpp
    ../../../Phigros-Auto-play-System/out/vcpkg_installed/x64-windows/include/nlohmann/detail/string_concat.hpp
    ../../../Phigros-Auto-play-System/out/vcpkg_installed/x64-windows/include/nlohmann/detail/string_escape.hpp
    ../../../Phigros-Auto-play-System/out/vcpkg_installed/x64-windows/include/nlohmann/detail/string_utils.hpp
    ../../../Phigros-Auto-play-System/out/vcpkg_installed/x64-windows/include/nlohmann/detail/value_t.hpp
    ../../../Phigros-Auto-play-System/out/vcpkg_installed/x64-windows/include/nlohmann/json.hpp
    ../../../Phigros-Auto-play-System/out/vcpkg_installed/x64-windows/include/nlohmann/json_fwd.hpp
    ../../../Phigros-Auto-play-System/out/vcpkg_installed/x64-windows/include/nlohmann/ordered_map.hpp
    ../../../Phigros-Auto-play-System/out/vcpkg_installed/x64-windows/include/nlohmann/thirdparty/hedley/hedley.hpp
    ../../../Phigros-Auto-play-System/out/vcpkg_installed/x64-windows/include/nlohmann/thirdparty/hedley/hedley_undef.hpp
    ../../include/pas/core.hpp
    ../../include/pas/game.hpp
    ../../research/hold_front_current/front.hpp

CMakeFiles/own_bridge.dir/own_bridge.cpp.obj.ddi: #deps 50, deps mtime 8129903523074055 (VALID)
    ../../../Phigros-Auto-play-System/out/vcpkg_installed/x64-windows/include/nlohmann/adl_serializer.hpp
    ../../../Phigros-Auto-play-System/out/vcpkg_installed/x64-windows/include/nlohmann/byte_container_with_subtype.hpp
    ../../../Phigros-Auto-play-System/out/vcpkg_installed/x64-windows/include/nlohmann/detail/abi_macros.hpp
    ../../../Phigros-Auto-play-System/out/vcpkg_installed/x64-windows/include/nlohmann/detail/conversions/from_json.hpp
    ../../../Phigros-Auto-play-System/out/vcpkg_installed/x64-windows/include/nlohmann/detail/conversions/to_chars.hpp
    ../../../Phigros-Auto-play-System/out/vcpkg_installed/x64-windows/include/nlohmann/detail/conversions/to_json.hpp
    ../../../Phigros-Auto-play-System/out/vcpkg_installed/x64-windows/include/nlohmann/detail/exceptions.hpp
    ../../../Phigros-Auto-play-System/out/vcpkg_installed/x64-windows/include/nlohmann/detail/hash.hpp
    ../../../Phigros-Auto-play-System/out/vcpkg_installed/x64-windows/include/nlohmann/detail/input/binary_reader.hpp
    ../../../Phigros-Auto-play-System/out/vcpkg_installed/x64-windows/include/nlohmann/detail/input/input_adapters.hpp
    ../../../Phigros-Auto-play-System/out/vcpkg_installed/x64-windows/include/nlohmann/detail/input/json_sax.hpp
    ../../../Phigros-Auto-play-System/out/vcpkg_installed/x64-windows/include/nlohmann/detail/input/lexer.hpp
    ../../../Phigros-Auto-play-System/out/vcpkg_installed/x64-windows/include/nlohmann/detail/input/parser.hpp
    ../../../Phigros-Auto-play-System/out/vcpkg_installed/x64-windows/include/nlohmann/detail/input/position_t.hpp
    ../../../Phigros-Auto-play-System/out/vcpkg_installed/x64-windows/include/nlohmann/detail/iterators/internal_iterator.hpp
    ../../../Phigros-Auto-play-System/out/vcpkg_installed/x64-windows/include/nlohmann/detail/iterators/iter_impl.hpp
    ../../../Phigros-Auto-play-System/out/vcpkg_installed/x64-windows/include/nlohmann/detail/iterators/iteration_proxy.hpp
    ../../../Phigros-Auto-play-System/out/vcpkg_installed/x64-windows/include/nlohmann/detail/iterators/iterator_traits.hpp
    ../../../Phigros-Auto-play-System/out/vcpkg_installed/x64-windows/include/nlohmann/detail/iterators/json_reverse_iterator.hpp
    ../../../Phigros-Auto-play-System/out/vcpkg_installed/x64-windows/include/nlohmann/detail/iterators/primitive_iterator.hpp
    ../../../Phigros-Auto-play-System/out/vcpkg_installed/x64-windows/include/nlohmann/detail/json_custom_base_class.hpp
    ../../../Phigros-Auto-play-System/out/vcpkg_installed/x64-windows/include/nlohmann/detail/json_pointer.hpp
    ../../../Phigros-Auto-play-System/out/vcpkg_installed/x64-windows/include/nlohmann/detail/json_ref.hpp
    ../../../Phigros-Auto-play-System/out/vcpkg_installed/x64-windows/include/nlohmann/detail/macro_scope.hpp
    ../../../Phigros-Auto-play-System/out/vcpkg_installed/x64-windows/include/nlohmann/detail/macro_unscope.hpp
    ../../../Phigros-Auto-play-System/out/vcpkg_installed/x64-windows/include/nlohmann/detail/meta/call_std/begin.hpp
    ../../../Phigros-Auto-play-System/out/vcpkg_installed/x64-windows/include/nlohmann/detail/meta/call_std/end.hpp
    ../../../Phigros-Auto-play-System/out/vcpkg_installed/x64-windows/include/nlohmann/detail/meta/cpp_future.hpp
    ../../../Phigros-Auto-play-System/out/vcpkg_installed/x64-windows/include/nlohmann/detail/meta/detected.hpp
    ../../../Phigros-Auto-play-System/out/vcpkg_installed/x64-windows/include/nlohmann/detail/meta/identity_tag.hpp
    ../../../Phigros-Auto-play-System/out/vcpkg_installed/x64-windows/include/nlohmann/detail/meta/is_sax.hpp
    ../../../Phigros-Auto-play-System/out/vcpkg_installed/x64-windows/include/nlohmann/detail/meta/std_fs.hpp
    ../../../Phigros-Auto-play-System/out/vcpkg_installed/x64-windows/include/nlohmann/detail/meta/type_traits.hpp
    ../../../Phigros-Auto-play-System/out/vcpkg_installed/x64-windows/include/nlohmann/detail/meta/void_t.hpp
    ../../../Phigros-Auto-play-System/out/vcpkg_installed/x64-windows/include/nlohmann/detail/output/binary_writer.hpp
    ../../../Phigros-Auto-play-System/out/vcpkg_installed/x64-windows/include/nlohmann/detail/output/output_adapters.hpp
    ../../../Phigros-Auto-play-System/out/vcpkg_installed/x64-windows/include/nlohmann/detail/output/serializer.hpp
    ../../../Phigros-Auto-play-System/out/vcpkg_installed/x64-windows/include/nlohmann/detail/string_concat.hpp
    ../../../Phigros-Auto-play-System/out/vcpkg_installed/x64-windows/include/nlohmann/detail/string_escape.hpp
    ../../../Phigros-Auto-play-System/out/vcpkg_installed/x64-windows/include/nlohmann/detail/string_utils.hpp
    ../../../Phigros-Auto-play-System/out/vcpkg_installed/x64-windows/include/nlohmann/detail/value_t.hpp
    ../../../Phigros-Auto-play-System/out/vcpkg_installed/x64-windows/include/nlohmann/json.hpp
    ../../../Phigros-Auto-play-System/out/vcpkg_installed/x64-windows/include/nlohmann/json_fwd.hpp
    ../../../Phigros-Auto-play-System/out/vcpkg_installed/x64-windows/include/nlohmann/ordered_map.hpp
    ../../../Phigros-Auto-play-System/out/vcpkg_installed/x64-windows/include/nlohmann/thirdparty/hedley/hedley.hpp
    ../../../Phigros-Auto-play-System/out/vcpkg_installed/x64-windows/include/nlohmann/thirdparty/hedley/hedley_undef.hpp
    ../../include/pas/core.hpp
    ../../include/pas/game.hpp
    ../../research/bvi_cold_v3/bvi.hpp
    ../../research/prelive_current/own_bridge.hpp

CMakeFiles/current_bridge.dir/C_/Users/wurre/Desktop/PAS-zero-miss-r4-20261006/research/bvi_windows/bridge/bridge.cpp.obj.ddi: #deps 50, deps mtime 8129903523356328 (VALID)
    ../../../Phigros-Auto-play-System/out/vcpkg_installed/x64-windows/include/nlohmann/adl_serializer.hpp
    ../../../Phigros-Auto-play-System/out/vcpkg_installed/x64-windows/include/nlohmann/byte_container_with_subtype.hpp
    ../../../Phigros-Auto-play-System/out/vcpkg_installed/x64-windows/include/nlohmann/detail/abi_macros.hpp
    ../../../Phigros-Auto-play-System/out/vcpkg_installed/x64-windows/include/nlohmann/detail/conversions/from_json.hpp
    ../../../Phigros-Auto-play-System/out/vcpkg_installed/x64-windows/include/nlohmann/detail/conversions/to_chars.hpp
    ../../../Phigros-Auto-play-System/out/vcpkg_installed/x64-windows/include/nlohmann/detail/conversions/to_json.hpp
    ../../../Phigros-Auto-play-System/out/vcpkg_installed/x64-windows/include/nlohmann/detail/exceptions.hpp
    ../../../Phigros-Auto-play-System/out/vcpkg_installed/x64-windows/include/nlohmann/detail/hash.hpp
    ../../../Phigros-Auto-play-System/out/vcpkg_installed/x64-windows/include/nlohmann/detail/input/binary_reader.hpp
    ../../../Phigros-Auto-play-System/out/vcpkg_installed/x64-windows/include/nlohmann/detail/input/input_adapters.hpp
    ../../../Phigros-Auto-play-System/out/vcpkg_installed/x64-windows/include/nlohmann/detail/input/json_sax.hpp
    ../../../Phigros-Auto-play-System/out/vcpkg_installed/x64-windows/include/nlohmann/detail/input/lexer.hpp
    ../../../Phigros-Auto-play-System/out/vcpkg_installed/x64-windows/include/nlohmann/detail/input/parser.hpp
    ../../../Phigros-Auto-play-System/out/vcpkg_installed/x64-windows/include/nlohmann/detail/input/position_t.hpp
    ../../../Phigros-Auto-play-System/out/vcpkg_installed/x64-windows/include/nlohmann/detail/iterators/internal_iterator.hpp
    ../../../Phigros-Auto-play-System/out/vcpkg_installed/x64-windows/include/nlohmann/detail/iterators/iter_impl.hpp
    ../../../Phigros-Auto-play-System/out/vcpkg_installed/x64-windows/include/nlohmann/detail/iterators/iteration_proxy.hpp
    ../../../Phigros-Auto-play-System/out/vcpkg_installed/x64-windows/include/nlohmann/detail/iterators/iterator_traits.hpp
    ../../../Phigros-Auto-play-System/out/vcpkg_installed/x64-windows/include/nlohmann/detail/iterators/json_reverse_iterator.hpp
    ../../../Phigros-Auto-play-System/out/vcpkg_installed/x64-windows/include/nlohmann/detail/iterators/primitive_iterator.hpp
    ../../../Phigros-Auto-play-System/out/vcpkg_installed/x64-windows/include/nlohmann/detail/json_custom_base_class.hpp
    ../../../Phigros-Auto-play-System/out/vcpkg_installed/x64-windows/include/nlohmann/detail/json_pointer.hpp
    ../../../Phigros-Auto-play-System/out/vcpkg_installed/x64-windows/include/nlohmann/detail/json_ref.hpp
    ../../../Phigros-Auto-play-System/out/vcpkg_installed/x64-windows/include/nlohmann/detail/macro_scope.hpp
    ../../../Phigros-Auto-play-System/out/vcpkg_installed/x64-windows/include/nlohmann/detail/macro_unscope.hpp
    ../../../Phigros-Auto-play-System/out/vcpkg_installed/x64-windows/include/nlohmann/detail/meta/call_std/begin.hpp
    ../../../Phigros-Auto-play-System/out/vcpkg_installed/x64-windows/include/nlohmann/detail/meta/call_std/end.hpp
    ../../../Phigros-Auto-play-System/out/vcpkg_installed/x64-windows/include/nlohmann/detail/meta/cpp_future.hpp
    ../../../Phigros-Auto-play-System/out/vcpkg_installed/x64-windows/include/nlohmann/detail/meta/detected.hpp
    ../../../Phigros-Auto-play-System/out/vcpkg_installed/x64-windows/include/nlohmann/detail/meta/identity_tag.hpp
    ../../../Phigros-Auto-play-System/out/vcpkg_installed/x64-windows/include/nlohmann/detail/meta/is_sax.hpp
    ../../../Phigros-Auto-play-System/out/vcpkg_installed/x64-windows/include/nlohmann/detail/meta/std_fs.hpp
    ../../../Phigros-Auto-play-System/out/vcpkg_installed/x64-windows/include/nlohmann/detail/meta/type_traits.hpp
    ../../../Phigros-Auto-play-System/out/vcpkg_installed/x64-windows/include/nlohmann/detail/meta/void_t.hpp
    ../../../Phigros-Auto-play-System/out/vcpkg_installed/x64-windows/include/nlohmann/detail/output/binary_writer.hpp
    ../../../Phigros-Auto-play-System/out/vcpkg_installed/x64-windows/include/nlohmann/detail/output/output_adapters.hpp
    ../../../Phigros-Auto-play-System/out/vcpkg_installed/x64-windows/include/nlohmann/detail/output/serializer.hpp
    ../../../Phigros-Auto-play-System/out/vcpkg_installed/x64-windows/include/nlohmann/detail/string_concat.hpp
    ../../../Phigros-Auto-play-System/out/vcpkg_installed/x64-windows/include/nlohmann/detail/string_escape.hpp
    ../../../Phigros-Auto-play-System/out/vcpkg_installed/x64-windows/include/nlohmann/detail/string_utils.hpp
    ../../../Phigros-Auto-play-System/out/vcpkg_installed/x64-windows/include/nlohmann/detail/value_t.hpp
    ../../../Phigros-Auto-play-System/out/vcpkg_installed/x64-windows/include/nlohmann/json.hpp
    ../../../Phigros-Auto-play-System/out/vcpkg_installed/x64-windows/include/nlohmann/json_fwd.hpp
    ../../../Phigros-Auto-play-System/out/vcpkg_installed/x64-windows/include/nlohmann/ordered_map.hpp
    ../../../Phigros-Auto-play-System/out/vcpkg_installed/x64-windows/include/nlohmann/thirdparty/hedley/hedley.hpp
    ../../../Phigros-Auto-play-System/out/vcpkg_installed/x64-windows/include/nlohmann/thirdparty/hedley/hedley_undef.hpp
    ../../include/pas/core.hpp
    ../../include/pas/game.hpp
    ../../research/bvi_cold_v3/bvi.hpp
    ../../research/bvi_windows/bridge/bridge.hpp

CMakeFiles/exact_bvi_v3.dir/C_/Users/wurre/Desktop/PAS-zero-miss-r4-20261006/research/bvi_cold_v3/contact_policy.cpp.obj: #deps 2, deps mtime 8129903537105059 (VALID)
    ../../research/bvi_cold_v3/bvi.hpp
    ../../research/bvi_cold_v3/contact_policy.hpp

CMakeFiles/exact_bvi_v3.dir/C_/Users/wurre/Desktop/PAS-zero-miss-r4-20261006/research/bvi_cold_v3/constraint_policy.cpp.obj: #deps 2, deps mtime 8129903538028600 (VALID)
    ../../research/bvi_cold_v3/bvi.hpp
    ../../research/bvi_cold_v3/relation_policy.hpp

CMakeFiles/exact_bvi_v3.dir/C_/Users/wurre/Desktop/PAS-zero-miss-r4-20261006/research/bvi_cold_v3/relation_policy.cpp.obj: #deps 2, deps mtime 8129903541878082 (VALID)
    ../../research/bvi_cold_v3/bvi.hpp
    ../../research/bvi_cold_v3/relation_policy.hpp

CMakeFiles/exact_bvi_v3.dir/C_/Users/wurre/Desktop/PAS-zero-miss-r4-20261006/research/bvi_cold_v3/bvi.cpp.obj: #deps 3, deps mtime 8129903542810052 (VALID)
    ../../research/bvi_cold_v3/bvi.hpp
    ../../research/bvi_cold_v3/contact_policy.hpp
    ../../research/bvi_cold_v3/relation_policy.hpp

CMakeFiles/current_rails.dir/current.cpp.obj.ddi: #deps 52, deps mtime 8129903542790083 (VALID)
    ../../../Phigros-Auto-play-System/out/vcpkg_installed/x64-windows/include/nlohmann/adl_serializer.hpp
    ../../../Phigros-Auto-play-System/out/vcpkg_installed/x64-windows/include/nlohmann/byte_container_with_subtype.hpp
    ../../../Phigros-Auto-play-System/out/vcpkg_installed/x64-windows/include/nlohmann/detail/abi_macros.hpp
    ../../../Phigros-Auto-play-System/out/vcpkg_installed/x64-windows/include/nlohmann/detail/conversions/from_json.hpp
    ../../../Phigros-Auto-play-System/out/vcpkg_installed/x64-windows/include/nlohmann/detail/conversions/to_chars.hpp
    ../../../Phigros-Auto-play-System/out/vcpkg_installed/x64-windows/include/nlohmann/detail/conversions/to_json.hpp
    ../../../Phigros-Auto-play-System/out/vcpkg_installed/x64-windows/include/nlohmann/detail/exceptions.hpp
    ../../../Phigros-Auto-play-System/out/vcpkg_installed/x64-windows/include/nlohmann/detail/hash.hpp
    ../../../Phigros-Auto-play-System/out/vcpkg_installed/x64-windows/include/nlohmann/detail/input/binary_reader.hpp
    ../../../Phigros-Auto-play-System/out/vcpkg_installed/x64-windows/include/nlohmann/detail/input/input_adapters.hpp
    ../../../Phigros-Auto-play-System/out/vcpkg_installed/x64-windows/include/nlohmann/detail/input/json_sax.hpp
    ../../../Phigros-Auto-play-System/out/vcpkg_installed/x64-windows/include/nlohmann/detail/input/lexer.hpp
    ../../../Phigros-Auto-play-System/out/vcpkg_installed/x64-windows/include/nlohmann/detail/input/parser.hpp
    ../../../Phigros-Auto-play-System/out/vcpkg_installed/x64-windows/include/nlohmann/detail/input/position_t.hpp
    ../../../Phigros-Auto-play-System/out/vcpkg_installed/x64-windows/include/nlohmann/detail/iterators/internal_iterator.hpp
    ../../../Phigros-Auto-play-System/out/vcpkg_installed/x64-windows/include/nlohmann/detail/iterators/iter_impl.hpp
    ../../../Phigros-Auto-play-System/out/vcpkg_installed/x64-windows/include/nlohmann/detail/iterators/iteration_proxy.hpp
    ../../../Phigros-Auto-play-System/out/vcpkg_installed/x64-windows/include/nlohmann/detail/iterators/iterator_traits.hpp
    ../../../Phigros-Auto-play-System/out/vcpkg_installed/x64-windows/include/nlohmann/detail/iterators/json_reverse_iterator.hpp
    ../../../Phigros-Auto-play-System/out/vcpkg_installed/x64-windows/include/nlohmann/detail/iterators/primitive_iterator.hpp
    ../../../Phigros-Auto-play-System/out/vcpkg_installed/x64-windows/include/nlohmann/detail/json_custom_base_class.hpp
    ../../../Phigros-Auto-play-System/out/vcpkg_installed/x64-windows/include/nlohmann/detail/json_pointer.hpp
    ../../../Phigros-Auto-play-System/out/vcpkg_installed/x64-windows/include/nlohmann/detail/json_ref.hpp
    ../../../Phigros-Auto-play-System/out/vcpkg_installed/x64-windows/include/nlohmann/detail/macro_scope.hpp
    ../../../Phigros-Auto-play-System/out/vcpkg_installed/x64-windows/include/nlohmann/detail/macro_unscope.hpp
    ../../../Phigros-Auto-play-System/out/vcpkg_installed/x64-windows/include/nlohmann/detail/meta/call_std/begin.hpp
    ../../../Phigros-Auto-play-System/out/vcpkg_installed/x64-windows/include/nlohmann/detail/meta/call_std/end.hpp
    ../../../Phigros-Auto-play-System/out/vcpkg_installed/x64-windows/include/nlohmann/detail/meta/cpp_future.hpp
    ../../../Phigros-Auto-play-System/out/vcpkg_installed/x64-windows/include/nlohmann/detail/meta/detected.hpp
    ../../../Phigros-Auto-play-System/out/vcpkg_installed/x64-windows/include/nlohmann/detail/meta/identity_tag.hpp
    ../../../Phigros-Auto-play-System/out/vcpkg_installed/x64-windows/include/nlohmann/detail/meta/is_sax.hpp
    ../../../Phigros-Auto-play-System/out/vcpkg_installed/x64-windows/include/nlohmann/detail/meta/std_fs.hpp
    ../../../Phigros-Auto-play-System/out/vcpkg_installed/x64-windows/include/nlohmann/detail/meta/type_traits.hpp
    ../../../Phigros-Auto-play-System/out/vcpkg_installed/x64-windows/include/nlohmann/detail/meta/void_t.hpp
    ../../../Phigros-Auto-play-System/out/vcpkg_installed/x64-windows/include/nlohmann/detail/output/binary_writer.hpp
    ../../../Phigros-Auto-play-System/out/vcpkg_installed/x64-windows/include/nlohmann/detail/output/output_adapters.hpp
    ../../../Phigros-Auto-play-System/out/vcpkg_installed/x64-windows/include/nlohmann/detail/output/serializer.hpp
    ../../../Phigros-Auto-play-System/out/vcpkg_installed/x64-windows/include/nlohmann/detail/string_concat.hpp
    ../../../Phigros-Auto-play-System/out/vcpkg_installed/x64-windows/include/nlohmann/detail/string_escape.hpp
    ../../../Phigros-Auto-play-System/out/vcpkg_installed/x64-windows/include/nlohmann/detail/string_utils.hpp
    ../../../Phigros-Auto-play-System/out/vcpkg_installed/x64-windows/include/nlohmann/detail/value_t.hpp
    ../../../Phigros-Auto-play-System/out/vcpkg_installed/x64-windows/include/nlohmann/json.hpp
    ../../../Phigros-Auto-play-System/out/vcpkg_installed/x64-windows/include/nlohmann/json_fwd.hpp
    ../../../Phigros-Auto-play-System/out/vcpkg_installed/x64-windows/include/nlohmann/ordered_map.hpp
    ../../../Phigros-Auto-play-System/out/vcpkg_installed/x64-windows/include/nlohmann/thirdparty/hedley/hedley.hpp
    ../../../Phigros-Auto-play-System/out/vcpkg_installed/x64-windows/include/nlohmann/thirdparty/hedley/hedley_undef.hpp
    ../../include/pas/core.hpp
    ../../include/pas/game.hpp
    ../../research/bvi_cold_v3/bvi.hpp
    ../../research/hold_front_current/front.hpp
    ../../research/prelive_current/current.hpp
    ../../research/prelive_current/own_bridge.hpp

CMakeFiles/prefix_preservation.dir/C_/Users/wurre/Desktop/PAS-zero-miss-r4-20261006/research/bvi_windows/bridge/bridge_tests.cpp.obj.ddi: #deps 51, deps mtime 8129903548162383 (VALID)
    ../../../Phigros-Auto-play-System/out/vcpkg_installed/x64-windows/include/nlohmann/adl_serializer.hpp
    ../../../Phigros-Auto-play-System/out/vcpkg_installed/x64-windows/include/nlohmann/byte_container_with_subtype.hpp
    ../../../Phigros-Auto-play-System/out/vcpkg_installed/x64-windows/include/nlohmann/detail/abi_macros.hpp
    ../../../Phigros-Auto-play-System/out/vcpkg_installed/x64-windows/include/nlohmann/detail/conversions/from_json.hpp
    ../../../Phigros-Auto-play-System/out/vcpkg_installed/x64-windows/include/nlohmann/detail/conversions/to_chars.hpp
    ../../../Phigros-Auto-play-System/out/vcpkg_installed/x64-windows/include/nlohmann/detail/conversions/to_json.hpp
    ../../../Phigros-Auto-play-System/out/vcpkg_installed/x64-windows/include/nlohmann/detail/exceptions.hpp
    ../../../Phigros-Auto-play-System/out/vcpkg_installed/x64-windows/include/nlohmann/detail/hash.hpp
    ../../../Phigros-Auto-play-System/out/vcpkg_installed/x64-windows/include/nlohmann/detail/input/binary_reader.hpp
    ../../../Phigros-Auto-play-System/out/vcpkg_installed/x64-windows/include/nlohmann/detail/input/input_adapters.hpp
    ../../../Phigros-Auto-play-System/out/vcpkg_installed/x64-windows/include/nlohmann/detail/input/json_sax.hpp
    ../../../Phigros-Auto-play-System/out/vcpkg_installed/x64-windows/include/nlohmann/detail/input/lexer.hpp
    ../../../Phigros-Auto-play-System/out/vcpkg_installed/x64-windows/include/nlohmann/detail/input/parser.hpp
    ../../../Phigros-Auto-play-System/out/vcpkg_installed/x64-windows/include/nlohmann/detail/input/position_t.hpp
    ../../../Phigros-Auto-play-System/out/vcpkg_installed/x64-windows/include/nlohmann/detail/iterators/internal_iterator.hpp
    ../../../Phigros-Auto-play-System/out/vcpkg_installed/x64-windows/include/nlohmann/detail/iterators/iter_impl.hpp
    ../../../Phigros-Auto-play-System/out/vcpkg_installed/x64-windows/include/nlohmann/detail/iterators/iteration_proxy.hpp
    ../../../Phigros-Auto-play-System/out/vcpkg_installed/x64-windows/include/nlohmann/detail/iterators/iterator_traits.hpp
    ../../../Phigros-Auto-play-System/out/vcpkg_installed/x64-windows/include/nlohmann/detail/iterators/json_reverse_iterator.hpp
    ../../../Phigros-Auto-play-System/out/vcpkg_installed/x64-windows/include/nlohmann/detail/iterators/primitive_iterator.hpp
    ../../../Phigros-Auto-play-System/out/vcpkg_installed/x64-windows/include/nlohmann/detail/json_custom_base_class.hpp
    ../../../Phigros-Auto-play-System/out/vcpkg_installed/x64-windows/include/nlohmann/detail/json_pointer.hpp
    ../../../Phigros-Auto-play-System/out/vcpkg_installed/x64-windows/include/nlohmann/detail/json_ref.hpp
    ../../../Phigros-Auto-play-System/out/vcpkg_installed/x64-windows/include/nlohmann/detail/macro_scope.hpp
    ../../../Phigros-Auto-play-System/out/vcpkg_installed/x64-windows/include/nlohmann/detail/macro_unscope.hpp
    ../../../Phigros-Auto-play-System/out/vcpkg_installed/x64-windows/include/nlohmann/detail/meta/call_std/begin.hpp
    ../../../Phigros-Auto-play-System/out/vcpkg_installed/x64-windows/include/nlohmann/detail/meta/call_std/end.hpp
    ../../../Phigros-Auto-play-System/out/vcpkg_installed/x64-windows/include/nlohmann/detail/meta/cpp_future.hpp
    ../../../Phigros-Auto-play-System/out/vcpkg_installed/x64-windows/include/nlohmann/detail/meta/detected.hpp
    ../../../Phigros-Auto-play-System/out/vcpkg_installed/x64-windows/include/nlohmann/detail/meta/identity_tag.hpp
    ../../../Phigros-Auto-play-System/out/vcpkg_installed/x64-windows/include/nlohmann/detail/meta/is_sax.hpp
    ../../../Phigros-Auto-play-System/out/vcpkg_installed/x64-windows/include/nlohmann/detail/meta/std_fs.hpp
    ../../../Phigros-Auto-play-System/out/vcpkg_installed/x64-windows/include/nlohmann/detail/meta/type_traits.hpp
    ../../../Phigros-Auto-play-System/out/vcpkg_installed/x64-windows/include/nlohmann/detail/meta/void_t.hpp
    ../../../Phigros-Auto-play-System/out/vcpkg_installed/x64-windows/include/nlohmann/detail/output/binary_writer.hpp
    ../../../Phigros-Auto-play-System/out/vcpkg_installed/x64-windows/include/nlohmann/detail/output/output_adapters.hpp
    ../../../Phigros-Auto-play-System/out/vcpkg_installed/x64-windows/include/nlohmann/detail/output/serializer.hpp
    ../../../Phigros-Auto-play-System/out/vcpkg_installed/x64-windows/include/nlohmann/detail/string_concat.hpp
    ../../../Phigros-Auto-play-System/out/vcpkg_installed/x64-windows/include/nlohmann/detail/string_escape.hpp
    ../../../Phigros-Auto-play-System/out/vcpkg_installed/x64-windows/include/nlohmann/detail/string_utils.hpp
    ../../../Phigros-Auto-play-System/out/vcpkg_installed/x64-windows/include/nlohmann/detail/value_t.hpp
    ../../../Phigros-Auto-play-System/out/vcpkg_installed/x64-windows/include/nlohmann/json.hpp
    ../../../Phigros-Auto-play-System/out/vcpkg_installed/x64-windows/include/nlohmann/json_fwd.hpp
    ../../../Phigros-Auto-play-System/out/vcpkg_installed/x64-windows/include/nlohmann/ordered_map.hpp
    ../../../Phigros-Auto-play-System/out/vcpkg_installed/x64-windows/include/nlohmann/thirdparty/hedley/hedley.hpp
    ../../../Phigros-Auto-play-System/out/vcpkg_installed/x64-windows/include/nlohmann/thirdparty/hedley/hedley_undef.hpp
    ../../include/pas/core.hpp
    ../../include/pas/game.hpp
    ../../include/pas/game_session.hpp
    ../../research/bvi_cold_v3/bvi.hpp
    ../../research/bvi_windows/bridge/bridge.hpp

CMakeFiles/front_preservation.dir/C_/Users/wurre/Desktop/PAS-zero-miss-r4-20261006/research/hold_front_current/front_tests.cpp.obj.ddi: #deps 49, deps mtime 8129903548743847 (VALID)
    ../../../Phigros-Auto-play-System/out/vcpkg_installed/x64-windows/include/nlohmann/adl_serializer.hpp
    ../../../Phigros-Auto-play-System/out/vcpkg_installed/x64-windows/include/nlohmann/byte_container_with_subtype.hpp
    ../../../Phigros-Auto-play-System/out/vcpkg_installed/x64-windows/include/nlohmann/detail/abi_macros.hpp
    ../../../Phigros-Auto-play-System/out/vcpkg_installed/x64-windows/include/nlohmann/detail/conversions/from_json.hpp
    ../../../Phigros-Auto-play-System/out/vcpkg_installed/x64-windows/include/nlohmann/detail/conversions/to_chars.hpp
    ../../../Phigros-Auto-play-System/out/vcpkg_installed/x64-windows/include/nlohmann/detail/conversions/to_json.hpp
    ../../../Phigros-Auto-play-System/out/vcpkg_installed/x64-windows/include/nlohmann/detail/exceptions.hpp
    ../../../Phigros-Auto-play-System/out/vcpkg_installed/x64-windows/include/nlohmann/detail/hash.hpp
    ../../../Phigros-Auto-play-System/out/vcpkg_installed/x64-windows/include/nlohmann/detail/input/binary_reader.hpp
    ../../../Phigros-Auto-play-System/out/vcpkg_installed/x64-windows/include/nlohmann/detail/input/input_adapters.hpp
    ../../../Phigros-Auto-play-System/out/vcpkg_installed/x64-windows/include/nlohmann/detail/input/json_sax.hpp
    ../../../Phigros-Auto-play-System/out/vcpkg_installed/x64-windows/include/nlohmann/detail/input/lexer.hpp
    ../../../Phigros-Auto-play-System/out/vcpkg_installed/x64-windows/include/nlohmann/detail/input/parser.hpp
    ../../../Phigros-Auto-play-System/out/vcpkg_installed/x64-windows/include/nlohmann/detail/input/position_t.hpp
    ../../../Phigros-Auto-play-System/out/vcpkg_installed/x64-windows/include/nlohmann/detail/iterators/internal_iterator.hpp
    ../../../Phigros-Auto-play-System/out/vcpkg_installed/x64-windows/include/nlohmann/detail/iterators/iter_impl.hpp
    ../../../Phigros-Auto-play-System/out/vcpkg_installed/x64-windows/include/nlohmann/detail/iterators/iteration_proxy.hpp
    ../../../Phigros-Auto-play-System/out/vcpkg_installed/x64-windows/include/nlohmann/detail/iterators/iterator_traits.hpp
    ../../../Phigros-Auto-play-System/out/vcpkg_installed/x64-windows/include/nlohmann/detail/iterators/json_reverse_iterator.hpp
    ../../../Phigros-Auto-play-System/out/vcpkg_installed/x64-windows/include/nlohmann/detail/iterators/primitive_iterator.hpp
    ../../../Phigros-Auto-play-System/out/vcpkg_installed/x64-windows/include/nlohmann/detail/json_custom_base_class.hpp
    ../../../Phigros-Auto-play-System/out/vcpkg_installed/x64-windows/include/nlohmann/detail/json_pointer.hpp
    ../../../Phigros-Auto-play-System/out/vcpkg_installed/x64-windows/include/nlohmann/detail/json_ref.hpp
    ../../../Phigros-Auto-play-System/out/vcpkg_installed/x64-windows/include/nlohmann/detail/macro_scope.hpp
    ../../../Phigros-Auto-play-System/out/vcpkg_installed/x64-windows/include/nlohmann/detail/macro_unscope.hpp
    ../../../Phigros-Auto-play-System/out/vcpkg_installed/x64-windows/include/nlohmann/detail/meta/call_std/begin.hpp
    ../../../Phigros-Auto-play-System/out/vcpkg_installed/x64-windows/include/nlohmann/detail/meta/call_std/end.hpp
    ../../../Phigros-Auto-play-System/out/vcpkg_installed/x64-windows/include/nlohmann/detail/meta/cpp_future.hpp
    ../../../Phigros-Auto-play-System/out/vcpkg_installed/x64-windows/include/nlohmann/detail/meta/detected.hpp
    ../../../Phigros-Auto-play-System/out/vcpkg_installed/x64-windows/include/nlohmann/detail/meta/identity_tag.hpp
    ../../../Phigros-Auto-play-System/out/vcpkg_installed/x64-windows/include/nlohmann/detail/meta/is_sax.hpp
    ../../../Phigros-Auto-play-System/out/vcpkg_installed/x64-windows/include/nlohmann/detail/meta/std_fs.hpp
    ../../../Phigros-Auto-play-System/out/vcpkg_installed/x64-windows/include/nlohmann/detail/meta/type_traits.hpp
    ../../../Phigros-Auto-play-System/out/vcpkg_installed/x64-windows/include/nlohmann/detail/meta/void_t.hpp
    ../../../Phigros-Auto-play-System/out/vcpkg_installed/x64-windows/include/nlohmann/detail/output/binary_writer.hpp
    ../../../Phigros-Auto-play-System/out/vcpkg_installed/x64-windows/include/nlohmann/detail/output/output_adapters.hpp
    ../../../Phigros-Auto-play-System/out/vcpkg_installed/x64-windows/include/nlohmann/detail/output/serializer.hpp
    ../../../Phigros-Auto-play-System/out/vcpkg_installed/x64-windows/include/nlohmann/detail/string_concat.hpp
    ../../../Phigros-Auto-play-System/out/vcpkg_installed/x64-windows/include/nlohmann/detail/string_escape.hpp
    ../../../Phigros-Auto-play-System/out/vcpkg_installed/x64-windows/include/nlohmann/detail/string_utils.hpp
    ../../../Phigros-Auto-play-System/out/vcpkg_installed/x64-windows/include/nlohmann/detail/value_t.hpp
    ../../../Phigros-Auto-play-System/out/vcpkg_installed/x64-windows/include/nlohmann/json.hpp
    ../../../Phigros-Auto-play-System/out/vcpkg_installed/x64-windows/include/nlohmann/json_fwd.hpp
    ../../../Phigros-Auto-play-System/out/vcpkg_installed/x64-windows/include/nlohmann/ordered_map.hpp
    ../../../Phigros-Auto-play-System/out/vcpkg_installed/x64-windows/include/nlohmann/thirdparty/hedley/hedley.hpp
    ../../../Phigros-Auto-play-System/out/vcpkg_installed/x64-windows/include/nlohmann/thirdparty/hedley/hedley_undef.hpp
    ../../include/pas/core.hpp
    ../../include/pas/game.hpp
    ../../research/hold_front_current/front.hpp

CMakeFiles/current_tests.dir/current_tests.cpp.obj.ddi: #deps 53, deps mtime 8129903552865195 (VALID)
    ../../../Phigros-Auto-play-System/out/vcpkg_installed/x64-windows/include/nlohmann/adl_serializer.hpp
    ../../../Phigros-Auto-play-System/out/vcpkg_installed/x64-windows/include/nlohmann/byte_container_with_subtype.hpp
    ../../../Phigros-Auto-play-System/out/vcpkg_installed/x64-windows/include/nlohmann/detail/abi_macros.hpp
    ../../../Phigros-Auto-play-System/out/vcpkg_installed/x64-windows/include/nlohmann/detail/conversions/from_json.hpp
    ../../../Phigros-Auto-play-System/out/vcpkg_installed/x64-windows/include/nlohmann/detail/conversions/to_chars.hpp
    ../../../Phigros-Auto-play-System/out/vcpkg_installed/x64-windows/include/nlohmann/detail/conversions/to_json.hpp
    ../../../Phigros-Auto-play-System/out/vcpkg_installed/x64-windows/include/nlohmann/detail/exceptions.hpp
    ../../../Phigros-Auto-play-System/out/vcpkg_installed/x64-windows/include/nlohmann/detail/hash.hpp
    ../../../Phigros-Auto-play-System/out/vcpkg_installed/x64-windows/include/nlohmann/detail/input/binary_reader.hpp
    ../../../Phigros-Auto-play-System/out/vcpkg_installed/x64-windows/include/nlohmann/detail/input/input_adapters.hpp
    ../../../Phigros-Auto-play-System/out/vcpkg_installed/x64-windows/include/nlohmann/detail/input/json_sax.hpp
    ../../../Phigros-Auto-play-System/out/vcpkg_installed/x64-windows/include/nlohmann/detail/input/lexer.hpp
    ../../../Phigros-Auto-play-System/out/vcpkg_installed/x64-windows/include/nlohmann/detail/input/parser.hpp
    ../../../Phigros-Auto-play-System/out/vcpkg_installed/x64-windows/include/nlohmann/detail/input/position_t.hpp
    ../../../Phigros-Auto-play-System/out/vcpkg_installed/x64-windows/include/nlohmann/detail/iterators/internal_iterator.hpp
    ../../../Phigros-Auto-play-System/out/vcpkg_installed/x64-windows/include/nlohmann/detail/iterators/iter_impl.hpp
    ../../../Phigros-Auto-play-System/out/vcpkg_installed/x64-windows/include/nlohmann/detail/iterators/iteration_proxy.hpp
    ../../../Phigros-Auto-play-System/out/vcpkg_installed/x64-windows/include/nlohmann/detail/iterators/iterator_traits.hpp
    ../../../Phigros-Auto-play-System/out/vcpkg_installed/x64-windows/include/nlohmann/detail/iterators/json_reverse_iterator.hpp
    ../../../Phigros-Auto-play-System/out/vcpkg_installed/x64-windows/include/nlohmann/detail/iterators/primitive_iterator.hpp
    ../../../Phigros-Auto-play-System/out/vcpkg_installed/x64-windows/include/nlohmann/detail/json_custom_base_class.hpp
    ../../../Phigros-Auto-play-System/out/vcpkg_installed/x64-windows/include/nlohmann/detail/json_pointer.hpp
    ../../../Phigros-Auto-play-System/out/vcpkg_installed/x64-windows/include/nlohmann/detail/json_ref.hpp
    ../../../Phigros-Auto-play-System/out/vcpkg_installed/x64-windows/include/nlohmann/detail/macro_scope.hpp
    ../../../Phigros-Auto-play-System/out/vcpkg_installed/x64-windows/include/nlohmann/detail/macro_unscope.hpp
    ../../../Phigros-Auto-play-System/out/vcpkg_installed/x64-windows/include/nlohmann/detail/meta/call_std/begin.hpp
    ../../../Phigros-Auto-play-System/out/vcpkg_installed/x64-windows/include/nlohmann/detail/meta/call_std/end.hpp
    ../../../Phigros-Auto-play-System/out/vcpkg_installed/x64-windows/include/nlohmann/detail/meta/cpp_future.hpp
    ../../../Phigros-Auto-play-System/out/vcpkg_installed/x64-windows/include/nlohmann/detail/meta/detected.hpp
    ../../../Phigros-Auto-play-System/out/vcpkg_installed/x64-windows/include/nlohmann/detail/meta/identity_tag.hpp
    ../../../Phigros-Auto-play-System/out/vcpkg_installed/x64-windows/include/nlohmann/detail/meta/is_sax.hpp
    ../../../Phigros-Auto-play-System/out/vcpkg_installed/x64-windows/include/nlohmann/detail/meta/std_fs.hpp
    ../../../Phigros-Auto-play-System/out/vcpkg_installed/x64-windows/include/nlohmann/detail/meta/type_traits.hpp
    ../../../Phigros-Auto-play-System/out/vcpkg_installed/x64-windows/include/nlohmann/detail/meta/void_t.hpp
    ../../../Phigros-Auto-play-System/out/vcpkg_installed/x64-windows/include/nlohmann/detail/output/binary_writer.hpp
    ../../../Phigros-Auto-play-System/out/vcpkg_installed/x64-windows/include/nlohmann/detail/output/output_adapters.hpp
    ../../../Phigros-Auto-play-System/out/vcpkg_installed/x64-windows/include/nlohmann/detail/output/serializer.hpp
    ../../../Phigros-Auto-play-System/out/vcpkg_installed/x64-windows/include/nlohmann/detail/string_concat.hpp
    ../../../Phigros-Auto-play-System/out/vcpkg_installed/x64-windows/include/nlohmann/detail/string_escape.hpp
    ../../../Phigros-Auto-play-System/out/vcpkg_installed/x64-windows/include/nlohmann/detail/string_utils.hpp
    ../../../Phigros-Auto-play-System/out/vcpkg_installed/x64-windows/include/nlohmann/detail/value_t.hpp
    ../../../Phigros-Auto-play-System/out/vcpkg_installed/x64-windows/include/nlohmann/json.hpp
    ../../../Phigros-Auto-play-System/out/vcpkg_installed/x64-windows/include/nlohmann/json_fwd.hpp
    ../../../Phigros-Auto-play-System/out/vcpkg_installed/x64-windows/include/nlohmann/ordered_map.hpp
    ../../../Phigros-Auto-play-System/out/vcpkg_installed/x64-windows/include/nlohmann/thirdparty/hedley/hedley.hpp
    ../../../Phigros-Auto-play-System/out/vcpkg_installed/x64-windows/include/nlohmann/thirdparty/hedley/hedley_undef.hpp
    ../../include/pas/core.hpp
    ../../include/pas/game.hpp
    ../../include/pas/game_session.hpp
    ../../research/bvi_cold_v3/bvi.hpp
    ../../research/hold_front_current/front.hpp
    ../../research/prelive_current/current.hpp
    ../../research/prelive_current/own_bridge.hpp

CMakeFiles/own_prefix.dir/own_prefix.cpp.obj.ddi: #deps 51, deps mtime 8129903553294728 (VALID)
    ../../../Phigros-Auto-play-System/out/vcpkg_installed/x64-windows/include/nlohmann/adl_serializer.hpp
    ../../../Phigros-Auto-play-System/out/vcpkg_installed/x64-windows/include/nlohmann/byte_container_with_subtype.hpp
    ../../../Phigros-Auto-play-System/out/vcpkg_installed/x64-windows/include/nlohmann/detail/abi_macros.hpp
    ../../../Phigros-Auto-play-System/out/vcpkg_installed/x64-windows/include/nlohmann/detail/conversions/from_json.hpp
    ../../../Phigros-Auto-play-System/out/vcpkg_installed/x64-windows/include/nlohmann/detail/conversions/to_chars.hpp
    ../../../Phigros-Auto-play-System/out/vcpkg_installed/x64-windows/include/nlohmann/detail/conversions/to_json.hpp
    ../../../Phigros-Auto-play-System/out/vcpkg_installed/x64-windows/include/nlohmann/detail/exceptions.hpp
    ../../../Phigros-Auto-play-System/out/vcpkg_installed/x64-windows/include/nlohmann/detail/hash.hpp
    ../../../Phigros-Auto-play-System/out/vcpkg_installed/x64-windows/include/nlohmann/detail/input/binary_reader.hpp
    ../../../Phigros-Auto-play-System/out/vcpkg_installed/x64-windows/include/nlohmann/detail/input/input_adapters.hpp
    ../../../Phigros-Auto-play-System/out/vcpkg_installed/x64-windows/include/nlohmann/detail/input/json_sax.hpp
    ../../../Phigros-Auto-play-System/out/vcpkg_installed/x64-windows/include/nlohmann/detail/input/lexer.hpp
    ../../../Phigros-Auto-play-System/out/vcpkg_installed/x64-windows/include/nlohmann/detail/input/parser.hpp
    ../../../Phigros-Auto-play-System/out/vcpkg_installed/x64-windows/include/nlohmann/detail/input/position_t.hpp
    ../../../Phigros-Auto-play-System/out/vcpkg_installed/x64-windows/include/nlohmann/detail/iterators/internal_iterator.hpp
    ../../../Phigros-Auto-play-System/out/vcpkg_installed/x64-windows/include/nlohmann/detail/iterators/iter_impl.hpp
    ../../../Phigros-Auto-play-System/out/vcpkg_installed/x64-windows/include/nlohmann/detail/iterators/iteration_proxy.hpp
    ../../../Phigros-Auto-play-System/out/vcpkg_installed/x64-windows/include/nlohmann/detail/iterators/iterator_traits.hpp
    ../../../Phigros-Auto-play-System/out/vcpkg_installed/x64-windows/include/nlohmann/detail/iterators/json_reverse_iterator.hpp
    ../../../Phigros-Auto-play-System/out/vcpkg_installed/x64-windows/include/nlohmann/detail/iterators/primitive_iterator.hpp
    ../../../Phigros-Auto-play-System/out/vcpkg_installed/x64-windows/include/nlohmann/detail/json_custom_base_class.hpp
    ../../../Phigros-Auto-play-System/out/vcpkg_installed/x64-windows/include/nlohmann/detail/json_pointer.hpp
    ../../../Phigros-Auto-play-System/out/vcpkg_installed/x64-windows/include/nlohmann/detail/json_ref.hpp
    ../../../Phigros-Auto-play-System/out/vcpkg_installed/x64-windows/include/nlohmann/detail/macro_scope.hpp
    ../../../Phigros-Auto-play-System/out/vcpkg_installed/x64-windows/include/nlohmann/detail/macro_unscope.hpp
    ../../../Phigros-Auto-play-System/out/vcpkg_installed/x64-windows/include/nlohmann/detail/meta/call_std/begin.hpp
    ../../../Phigros-Auto-play-System/out/vcpkg_installed/x64-windows/include/nlohmann/detail/meta/call_std/end.hpp
    ../../../Phigros-Auto-play-System/out/vcpkg_installed/x64-windows/include/nlohmann/detail/meta/cpp_future.hpp
    ../../../Phigros-Auto-play-System/out/vcpkg_installed/x64-windows/include/nlohmann/detail/meta/detected.hpp
    ../../../Phigros-Auto-play-System/out/vcpkg_installed/x64-windows/include/nlohmann/detail/meta/identity_tag.hpp
    ../../../Phigros-Auto-play-System/out/vcpkg_installed/x64-windows/include/nlohmann/detail/meta/is_sax.hpp
    ../../../Phigros-Auto-play-System/out/vcpkg_installed/x64-windows/include/nlohmann/detail/meta/std_fs.hpp
    ../../../Phigros-Auto-play-System/out/vcpkg_installed/x64-windows/include/nlohmann/detail/meta/type_traits.hpp
    ../../../Phigros-Auto-play-System/out/vcpkg_installed/x64-windows/include/nlohmann/detail/meta/void_t.hpp
    ../../../Phigros-Auto-play-System/out/vcpkg_installed/x64-windows/include/nlohmann/detail/output/binary_writer.hpp
    ../../../Phigros-Auto-play-System/out/vcpkg_installed/x64-windows/include/nlohmann/detail/output/output_adapters.hpp
    ../../../Phigros-Auto-play-System/out/vcpkg_installed/x64-windows/include/nlohmann/detail/output/serializer.hpp
    ../../../Phigros-Auto-play-System/out/vcpkg_installed/x64-windows/include/nlohmann/detail/string_concat.hpp
    ../../../Phigros-Auto-play-System/out/vcpkg_installed/x64-windows/include/nlohmann/detail/string_escape.hpp
    ../../../Phigros-Auto-play-System/out/vcpkg_installed/x64-windows/include/nlohmann/detail/string_utils.hpp
    ../../../Phigros-Auto-play-System/out/vcpkg_installed/x64-windows/include/nlohmann/detail/value_t.hpp
    ../../../Phigros-Auto-play-System/out/vcpkg_installed/x64-windows/include/nlohmann/json.hpp
    ../../../Phigros-Auto-play-System/out/vcpkg_installed/x64-windows/include/nlohmann/json_fwd.hpp
    ../../../Phigros-Auto-play-System/out/vcpkg_installed/x64-windows/include/nlohmann/ordered_map.hpp
    ../../../Phigros-Auto-play-System/out/vcpkg_installed/x64-windows/include/nlohmann/thirdparty/hedley/hedley.hpp
    ../../../Phigros-Auto-play-System/out/vcpkg_installed/x64-windows/include/nlohmann/thirdparty/hedley/hedley_undef.hpp
    ../../include/pas/core.hpp
    ../../include/pas/game.hpp
    ../../include/pas/game_session.hpp
    ../../research/bvi_cold_v3/bvi.hpp
    ../../research/prelive_current/own_bridge.hpp

CMakeFiles/current_chain.dir/chain.cpp.obj.ddi: #deps 56, deps mtime 8129903561953529 (VALID)
    ../../../Phigros-Auto-play-System/out/vcpkg_installed/x64-windows/include/nlohmann/adl_serializer.hpp
    ../../../Phigros-Auto-play-System/out/vcpkg_installed/x64-windows/include/nlohmann/byte_container_with_subtype.hpp
    ../../../Phigros-Auto-play-System/out/vcpkg_installed/x64-windows/include/nlohmann/detail/abi_macros.hpp
    ../../../Phigros-Auto-play-System/out/vcpkg_installed/x64-windows/include/nlohmann/detail/conversions/from_json.hpp
    ../../../Phigros-Auto-play-System/out/vcpkg_installed/x64-windows/include/nlohmann/detail/conversions/to_chars.hpp
    ../../../Phigros-Auto-play-System/out/vcpkg_installed/x64-windows/include/nlohmann/detail/conversions/to_json.hpp
    ../../../Phigros-Auto-play-System/out/vcpkg_installed/x64-windows/include/nlohmann/detail/exceptions.hpp
    ../../../Phigros-Auto-play-System/out/vcpkg_installed/x64-windows/include/nlohmann/detail/hash.hpp
    ../../../Phigros-Auto-play-System/out/vcpkg_installed/x64-windows/include/nlohmann/detail/input/binary_reader.hpp
    ../../../Phigros-Auto-play-System/out/vcpkg_installed/x64-windows/include/nlohmann/detail/input/input_adapters.hpp
    ../../../Phigros-Auto-play-System/out/vcpkg_installed/x64-windows/include/nlohmann/detail/input/json_sax.hpp
    ../../../Phigros-Auto-play-System/out/vcpkg_installed/x64-windows/include/nlohmann/detail/input/lexer.hpp
    ../../../Phigros-Auto-play-System/out/vcpkg_installed/x64-windows/include/nlohmann/detail/input/parser.hpp
    ../../../Phigros-Auto-play-System/out/vcpkg_installed/x64-windows/include/nlohmann/detail/input/position_t.hpp
    ../../../Phigros-Auto-play-System/out/vcpkg_installed/x64-windows/include/nlohmann/detail/iterators/internal_iterator.hpp
    ../../../Phigros-Auto-play-System/out/vcpkg_installed/x64-windows/include/nlohmann/detail/iterators/iter_impl.hpp
    ../../../Phigros-Auto-play-System/out/vcpkg_installed/x64-windows/include/nlohmann/detail/iterators/iteration_proxy.hpp
    ../../../Phigros-Auto-play-System/out/vcpkg_installed/x64-windows/include/nlohmann/detail/iterators/iterator_traits.hpp
    ../../../Phigros-Auto-play-System/out/vcpkg_installed/x64-windows/include/nlohmann/detail/iterators/json_reverse_iterator.hpp
    ../../../Phigros-Auto-play-System/out/vcpkg_installed/x64-windows/include/nlohmann/detail/iterators/primitive_iterator.hpp
    ../../../Phigros-Auto-play-System/out/vcpkg_installed/x64-windows/include/nlohmann/detail/json_custom_base_class.hpp
    ../../../Phigros-Auto-play-System/out/vcpkg_installed/x64-windows/include/nlohmann/detail/json_pointer.hpp
    ../../../Phigros-Auto-play-System/out/vcpkg_installed/x64-windows/include/nlohmann/detail/json_ref.hpp
    ../../../Phigros-Auto-play-System/out/vcpkg_installed/x64-windows/include/nlohmann/detail/macro_scope.hpp
    ../../../Phigros-Auto-play-System/out/vcpkg_installed/x64-windows/include/nlohmann/detail/macro_unscope.hpp
    ../../../Phigros-Auto-play-System/out/vcpkg_installed/x64-windows/include/nlohmann/detail/meta/call_std/begin.hpp
    ../../../Phigros-Auto-play-System/out/vcpkg_installed/x64-windows/include/nlohmann/detail/meta/call_std/end.hpp
    ../../../Phigros-Auto-play-System/out/vcpkg_installed/x64-windows/include/nlohmann/detail/meta/cpp_future.hpp
    ../../../Phigros-Auto-play-System/out/vcpkg_installed/x64-windows/include/nlohmann/detail/meta/detected.hpp
    ../../../Phigros-Auto-play-System/out/vcpkg_installed/x64-windows/include/nlohmann/detail/meta/identity_tag.hpp
    ../../../Phigros-Auto-play-System/out/vcpkg_installed/x64-windows/include/nlohmann/detail/meta/is_sax.hpp
    ../../../Phigros-Auto-play-System/out/vcpkg_installed/x64-windows/include/nlohmann/detail/meta/std_fs.hpp
    ../../../Phigros-Auto-play-System/out/vcpkg_installed/x64-windows/include/nlohmann/detail/meta/type_traits.hpp
    ../../../Phigros-Auto-play-System/out/vcpkg_installed/x64-windows/include/nlohmann/detail/meta/void_t.hpp
    ../../../Phigros-Auto-play-System/out/vcpkg_installed/x64-windows/include/nlohmann/detail/output/binary_writer.hpp
    ../../../Phigros-Auto-play-System/out/vcpkg_installed/x64-windows/include/nlohmann/detail/output/output_adapters.hpp
    ../../../Phigros-Auto-play-System/out/vcpkg_installed/x64-windows/include/nlohmann/detail/output/serializer.hpp
    ../../../Phigros-Auto-play-System/out/vcpkg_installed/x64-windows/include/nlohmann/detail/string_concat.hpp
    ../../../Phigros-Auto-play-System/out/vcpkg_installed/x64-windows/include/nlohmann/detail/string_escape.hpp
    ../../../Phigros-Auto-play-System/out/vcpkg_installed/x64-windows/include/nlohmann/detail/string_utils.hpp
    ../../../Phigros-Auto-play-System/out/vcpkg_installed/x64-windows/include/nlohmann/detail/value_t.hpp
    ../../../Phigros-Auto-play-System/out/vcpkg_installed/x64-windows/include/nlohmann/json.hpp
    ../../../Phigros-Auto-play-System/out/vcpkg_installed/x64-windows/include/nlohmann/json_fwd.hpp
    ../../../Phigros-Auto-play-System/out/vcpkg_installed/x64-windows/include/nlohmann/ordered_map.hpp
    ../../../Phigros-Auto-play-System/out/vcpkg_installed/x64-windows/include/nlohmann/thirdparty/hedley/hedley.hpp
    ../../../Phigros-Auto-play-System/out/vcpkg_installed/x64-windows/include/nlohmann/thirdparty/hedley/hedley_undef.hpp
    ../../include/pas/core.hpp
    ../../include/pas/game.hpp
    ../../include/pas/game_session.hpp
    ../../include/pas/game_tracking.hpp
    ../../include/pas/journal.hpp
    ../../research/bvi_cold_v3/bvi.hpp
    ../../research/hold_front_current/front.hpp
    ../../research/prelive_current/current.hpp
    ../../research/prelive_current/own_bridge.hpp
    ../../research/prelive_current/runtime.hpp

CMakeFiles/formal_affected.dir/C_/Users/wurre/Desktop/PAS-zero-miss-r4-20261006/tests/game_tracking_tests.cpp.obj.ddi: #deps 71, deps mtime 8129903566592864 (VALID)
    ../../../Phigros-Auto-play-System/out/vcpkg_installed/x64-windows/include/gtest/gtest-assertion-result.h
    ../../../Phigros-Auto-play-System/out/vcpkg_installed/x64-windows/include/gtest/gtest-death-test.h
    ../../../Phigros-Auto-play-System/out/vcpkg_installed/x64-windows/include/gtest/gtest-matchers.h
    ../../../Phigros-Auto-play-System/out/vcpkg_installed/x64-windows/include/gtest/gtest-message.h
    ../../../Phigros-Auto-play-System/out/vcpkg_installed/x64-windows/include/gtest/gtest-param-test.h
    ../../../Phigros-Auto-play-System/out/vcpkg_installed/x64-windows/include/gtest/gtest-printers.h
    ../../../Phigros-Auto-play-System/out/vcpkg_installed/x64-windows/include/gtest/gtest-test-part.h
    ../../../Phigros-Auto-play-System/out/vcpkg_installed/x64-windows/include/gtest/gtest-typed-test.h
    ../../../Phigros-Auto-play-System/out/vcpkg_installed/x64-windows/include/gtest/gtest.h
    ../../../Phigros-Auto-play-System/out/vcpkg_installed/x64-windows/include/gtest/gtest_pred_impl.h
    ../../../Phigros-Auto-play-System/out/vcpkg_installed/x64-windows/include/gtest/gtest_prod.h
    ../../../Phigros-Auto-play-System/out/vcpkg_installed/x64-windows/include/gtest/internal/custom/gtest-port.h
    ../../../Phigros-Auto-play-System/out/vcpkg_installed/x64-windows/include/gtest/internal/custom/gtest-printers.h
    ../../../Phigros-Auto-play-System/out/vcpkg_installed/x64-windows/include/gtest/internal/gtest-death-test-internal.h
    ../../../Phigros-Auto-play-System/out/vcpkg_installed/x64-windows/include/gtest/internal/gtest-filepath.h
    ../../../Phigros-Auto-play-System/out/vcpkg_installed/x64-windows/include/gtest/internal/gtest-internal.h
    ../../../Phigros-Auto-play-System/out/vcpkg_installed/x64-windows/include/gtest/internal/gtest-param-util.h
    ../../../Phigros-Auto-play-System/out/vcpkg_installed/x64-windows/include/gtest/internal/gtest-port-arch.h
    ../../../Phigros-Auto-play-System/out/vcpkg_installed/x64-windows/include/gtest/internal/gtest-port.h
    ../../../Phigros-Auto-play-System/out/vcpkg_installed/x64-windows/include/gtest/internal/gtest-string.h
    ../../../Phigros-Auto-play-System/out/vcpkg_installed/x64-windows/include/gtest/internal/gtest-type-util.h
    ../../../Phigros-Auto-play-System/out/vcpkg_installed/x64-windows/include/nlohmann/adl_serializer.hpp
    ../../../Phigros-Auto-play-System/out/vcpkg_installed/x64-windows/include/nlohmann/byte_container_with_subtype.hpp
    ../../../Phigros-Auto-play-System/out/vcpkg_installed/x64-windows/include/nlohmann/detail/abi_macros.hpp
    ../../../Phigros-Auto-play-System/out/vcpkg_installed/x64-windows/include/nlohmann/detail/conversions/from_json.hpp
    ../../../Phigros-Auto-play-System/out/vcpkg_installed/x64-windows/include/nlohmann/detail/conversions/to_chars.hpp
    ../../../Phigros-Auto-play-System/out/vcpkg_installed/x64-windows/include/nlohmann/detail/conversions/to_json.hpp
    ../../../Phigros-Auto-play-System/out/vcpkg_installed/x64-windows/include/nlohmann/detail/exceptions.hpp
    ../../../Phigros-Auto-play-System/out/vcpkg_installed/x64-windows/include/nlohmann/detail/hash.hpp
    ../../../Phigros-Auto-play-System/out/vcpkg_installed/x64-windows/include/nlohmann/detail/input/binary_reader.hpp
    ../../../Phigros-Auto-play-System/out/vcpkg_installed/x64-windows/include/nlohmann/detail/input/input_adapters.hpp
    ../../../Phigros-Auto-play-System/out/vcpkg_installed/x64-windows/include/nlohmann/detail/input/json_sax.hpp
    ../../../Phigros-Auto-play-System/out/vcpkg_installed/x64-windows/include/nlohmann/detail/input/lexer.hpp
    ../../../Phigros-Auto-play-System/out/vcpkg_installed/x64-windows/include/nlohmann/detail/input/parser.hpp
    ../../../Phigros-Auto-play-System/out/vcpkg_installed/x64-windows/include/nlohmann/detail/input/position_t.hpp
    ../../../Phigros-Auto-play-System/out/vcpkg_installed/x64-windows/include/nlohmann/detail/iterators/internal_iterator.hpp
    ../../../Phigros-Auto-play-System/out/vcpkg_installed/x64-windows/include/nlohmann/detail/iterators/iter_impl.hpp
    ../../../Phigros-Auto-play-System/out/vcpkg_installed/x64-windows/include/nlohmann/detail/iterators/iteration_proxy.hpp
    ../../../Phigros-Auto-play-System/out/vcpkg_installed/x64-windows/include/nlohmann/detail/iterators/iterator_traits.hpp
    ../../../Phigros-Auto-play-System/out/vcpkg_installed/x64-windows/include/nlohmann/detail/iterators/json_reverse_iterator.hpp
    ../../../Phigros-Auto-play-System/out/vcpkg_installed/x64-windows/include/nlohmann/detail/iterators/primitive_iterator.hpp
    ../../../Phigros-Auto-play-System/out/vcpkg_installed/x64-windows/include/nlohmann/detail/json_custom_base_class.hpp
    ../../../Phigros-Auto-play-System/out/vcpkg_installed/x64-windows/include/nlohmann/detail/json_pointer.hpp
    ../../../Phigros-Auto-play-System/out/vcpkg_installed/x64-windows/include/nlohmann/detail/json_ref.hpp
    ../../../Phigros-Auto-play-System/out/vcpkg_installed/x64-windows/include/nlohmann/detail/macro_scope.hpp
    ../../../Phigros-Auto-play-System/out/vcpkg_installed/x64-windows/include/nlohmann/detail/macro_unscope.hpp
    ../../../Phigros-Auto-play-System/out/vcpkg_installed/x64-windows/include/nlohmann/detail/meta/call_std/begin.hpp
    ../../../Phigros-Auto-play-System/out/vcpkg_installed/x64-windows/include/nlohmann/detail/meta/call_std/end.hpp
    ../../../Phigros-Auto-play-System/out/vcpkg_installed/x64-windows/include/nlohmann/detail/meta/cpp_future.hpp
    ../../../Phigros-Auto-play-System/out/vcpkg_installed/x64-windows/include/nlohmann/detail/meta/detected.hpp
    ../../../Phigros-Auto-play-System/out/vcpkg_installed/x64-windows/include/nlohmann/detail/meta/identity_tag.hpp
    ../../../Phigros-Auto-play-System/out/vcpkg_installed/x64-windows/include/nlohmann/detail/meta/is_sax.hpp
    ../../../Phigros-Auto-play-System/out/vcpkg_installed/x64-windows/include/nlohmann/detail/meta/std_fs.hpp
    ../../../Phigros-Auto-play-System/out/vcpkg_installed/x64-windows/include/nlohmann/detail/meta/type_traits.hpp
    ../../../Phigros-Auto-play-System/out/vcpkg_installed/x64-windows/include/nlohmann/detail/meta/void_t.hpp
    ../../../Phigros-Auto-play-System/out/vcpkg_installed/x64-windows/include/nlohmann/detail/output/binary_writer.hpp
    ../../../Phigros-Auto-play-System/out/vcpkg_installed/x64-windows/include/nlohmann/detail/output/output_adapters.hpp
    ../../../Phigros-Auto-play-System/out/vcpkg_installed/x64-windows/include/nlohmann/detail/output/serializer.hpp
    ../../../Phigros-Auto-play-System/out/vcpkg_installed/x64-windows/include/nlohmann/detail/string_concat.hpp
    ../../../Phigros-Auto-play-System/out/vcpkg_installed/x64-windows/include/nlohmann/detail/string_escape.hpp
    ../../../Phigros-Auto-play-System/out/vcpkg_installed/x64-windows/include/nlohmann/detail/string_utils.hpp
    ../../../Phigros-Auto-play-System/out/vcpkg_installed/x64-windows/include/nlohmann/detail/value_t.hpp
    ../../../Phigros-Auto-play-System/out/vcpkg_installed/x64-windows/include/nlohmann/json.hpp
    ../../../Phigros-Auto-play-System/out/vcpkg_installed/x64-windows/include/nlohmann/json_fwd.hpp
    ../../../Phigros-Auto-play-System/out/vcpkg_installed/x64-windows/include/nlohmann/ordered_map.hpp
    ../../../Phigros-Auto-play-System/out/vcpkg_installed/x64-windows/include/nlohmann/thirdparty/hedley/hedley.hpp
    ../../../Phigros-Auto-play-System/out/vcpkg_installed/x64-windows/include/nlohmann/thirdparty/hedley/hedley_undef.hpp
    ../../include/pas/core.hpp
    ../../include/pas/game.hpp
    ../../include/pas/game_tracking.hpp
    ../../include/pas/game_tracking_shadow.hpp

CMakeFiles/formal_affected.dir/C_/Users/wurre/Desktop/PAS-zero-miss-r4-20261006/tests/game_tests.cpp.obj.ddi: #deps 414, deps mtime 8129903566867065 (VALID)
    ../../../Phigros-Auto-play-System/out/vcpkg_installed/x64-windows/include/absl/algorithm/algorithm.h
    ../../../Phigros-Auto-play-System/out/vcpkg_installed/x64-windows/include/absl/algorithm/container.h
    ../../../Phigros-Auto-play-System/out/vcpkg_installed/x64-windows/include/absl/base/attributes.h
    ../../../Phigros-Auto-play-System/out/vcpkg_installed/x64-windows/include/absl/base/call_once.h
    ../../../Phigros-Auto-play-System/out/vcpkg_installed/x64-windows/include/absl/base/casts.h
    ../../../Phigros-Auto-play-System/out/vcpkg_installed/x64-windows/include/absl/base/config.h
    ../../../Phigros-Auto-play-System/out/vcpkg_installed/x64-windows/include/absl/base/const_init.h
    ../../../Phigros-Auto-play-System/out/vcpkg_installed/x64-windows/include/absl/base/dynamic_annotations.h
    ../../../Phigros-Auto-play-System/out/vcpkg_installed/x64-windows/include/absl/base/internal/atomic_hook.h
    ../../../Phigros-Auto-play-System/out/vcpkg_installed/x64-windows/include/absl/base/internal/dynamic_annotations.h
    ../../../Phigros-Auto-play-System/out/vcpkg_installed/x64-windows/include/absl/base/internal/endian.h
    ../../../Phigros-Auto-play-System/out/vcpkg_installed/x64-windows/include/absl/base/internal/errno_saver.h
    ../../../Phigros-Auto-play-System/out/vcpkg_installed/x64-windows/include/absl/base/internal/iterator_traits.h
    ../../../Phigros-Auto-play-System/out/vcpkg_installed/x64-windows/include/absl/base/internal/low_level_scheduling.h
    ../../../Phigros-Auto-play-System/out/vcpkg_installed/x64-windows/include/absl/base/internal/per_thread_tls.h
    ../../../Phigros-Auto-play-System/out/vcpkg_installed/x64-windows/include/absl/base/internal/raw_logging.h
    ../../../Phigros-Auto-play-System/out/vcpkg_installed/x64-windows/include/absl/base/internal/scheduling_mode.h
    ../../../Phigros-Auto-play-System/out/vcpkg_installed/x64-windows/include/absl/base/internal/spinlock_wait.h
    ../../../Phigros-Auto-play-System/out/vcpkg_installed/x64-windows/include/absl/base/internal/thread_identity.h
    ../../../Phigros-Auto-play-System/out/vcpkg_installed/x64-windows/include/absl/base/internal/throw_delegate.h
    ../../../Phigros-Auto-play-System/out/vcpkg_installed/x64-windows/include/absl/base/internal/tsan_mutex_interface.h
    ../../../Phigros-Auto-play-System/out/vcpkg_installed/x64-windows/include/absl/base/internal/unaligned_access.h
    ../../../Phigros-Auto-play-System/out/vcpkg_installed/x64-windows/include/absl/base/log_severity.h
    ../../../Phigros-Auto-play-System/out/vcpkg_installed/x64-windows/include/absl/base/macros.h
    ../../../Phigros-Auto-play-System/out/vcpkg_installed/x64-windows/include/absl/base/nullability.h
    ../../../Phigros-Auto-play-System/out/vcpkg_installed/x64-windows/include/absl/base/optimization.h
    ../../../Phigros-Auto-play-System/out/vcpkg_installed/x64-windows/include/absl/base/options.h
    ../../../Phigros-Auto-play-System/out/vcpkg_installed/x64-windows/include/absl/base/policy_checks.h
    ../../../Phigros-Auto-play-System/out/vcpkg_installed/x64-windows/include/absl/base/port.h
    ../../../Phigros-Auto-play-System/out/vcpkg_installed/x64-windows/include/absl/base/prefetch.h
    ../../../Phigros-Auto-play-System/out/vcpkg_installed/x64-windows/include/absl/base/thread_annotations.h
    ../../../Phigros-Auto-play-System/out/vcpkg_installed/x64-windows/include/absl/container/btree_map.h
    ../../../Phigros-Auto-play-System/out/vcpkg_installed/x64-windows/include/absl/container/fixed_array.h
    ../../../Phigros-Auto-play-System/out/vcpkg_installed/x64-windows/include/absl/container/flat_hash_map.h
    ../../../Phigros-Auto-play-System/out/vcpkg_installed/x64-windows/include/absl/container/hash_container_defaults.h
    ../../../Phigros-Auto-play-System/out/vcpkg_installed/x64-windows/include/absl/container/inlined_vector.h
    ../../../Phigros-Auto-play-System/out/vcpkg_installed/x64-windows/include/absl/container/internal/btree.h
    ../../../Phigros-Auto-play-System/out/vcpkg_installed/x64-windows/include/absl/container/internal/btree_container.h
    ../../../Phigros-Auto-play-System/out/vcpkg_installed/x64-windows/include/absl/container/internal/common.h
    ../../../Phigros-Auto-play-System/out/vcpkg_installed/x64-windows/include/absl/container/internal/common_policy_traits.h
    ../../../Phigros-Auto-play-System/out/vcpkg_installed/x64-windows/include/absl/container/internal/compressed_tuple.h
    ../../../Phigros-Auto-play-System/out/vcpkg_installed/x64-windows/include/absl/container/internal/container_memory.h
    ../../../Phigros-Auto-play-System/out/vcpkg_installed/x64-windows/include/absl/container/internal/hash_function_defaults.h
    ../../../Phigros-Auto-play-System/out/vcpkg_installed/x64-windows/include/absl/container/internal/hash_policy_traits.h
    ../../../Phigros-Auto-play-System/out/vcpkg_installed/x64-windows/include/absl/container/internal/hashtable_control_bytes.h
    ../../../Phigros-Auto-play-System/out/vcpkg_installed/x64-windows/include/absl/container/internal/hashtable_debug_hooks.h
    ../../../Phigros-Auto-play-System/out/vcpkg_installed/x64-windows/include/absl/container/internal/hashtablez_sampler.h
    ../../../Phigros-Auto-play-System/out/vcpkg_installed/x64-windows/include/absl/container/internal/inlined_vector.h
    ../../../Phigros-Auto-play-System/out/vcpkg_installed/x64-windows/include/absl/container/internal/layout.h
    ../../../Phigros-Auto-play-System/out/vcpkg_installed/x64-windows/include/absl/container/internal/raw_hash_map.h
    ../../../Phigros-Auto-play-System/out/vcpkg_installed/x64-windows/include/absl/container/internal/raw_hash_set.h
    ../../../Phigros-Auto-play-System/out/vcpkg_installed/x64-windows/include/absl/crc/crc32c.h
    ../../../Phigros-Auto-play-System/out/vcpkg_installed/x64-windows/include/absl/crc/internal/crc32_x86_arm_combined_simd.h
    ../../../Phigros-Auto-play-System/out/vcpkg_installed/x64-windows/include/absl/crc/internal/crc32c_inline.h
    ../../../Phigros-Auto-play-System/out/vcpkg_installed/x64-windows/include/absl/crc/internal/crc_cord_state.h
    ../../../Phigros-Auto-play-System/out/vcpkg_installed/x64-windows/include/absl/debugging/internal/demangle.h
    ../../../Phigros-Auto-play-System/out/vcpkg_installed/x64-windows/include/absl/functional/any_invocable.h
    ../../../Phigros-Auto-play-System/out/vcpkg_installed/x64-windows/include/absl/functional/function_ref.h
    ../../../Phigros-Auto-play-System/out/vcpkg_installed/x64-windows/include/absl/functional/internal/any_invocable.h
    ../../../Phigros-Auto-play-System/out/vcpkg_installed/x64-windows/include/absl/functional/internal/function_ref.h
    ../../../Phigros-Auto-play-System/out/vcpkg_installed/x64-windows/include/absl/hash/hash.h
    ../../../Phigros-Auto-play-System/out/vcpkg_installed/x64-windows/include/absl/hash/internal/city.h
    ../../../Phigros-Auto-play-System/out/vcpkg_installed/x64-windows/include/absl/hash/internal/hash.h
    ../../../Phigros-Auto-play-System/out/vcpkg_installed/x64-windows/include/absl/hash/internal/weakly_mixed_integer.h
    ../../../Phigros-Auto-play-System/out/vcpkg_installed/x64-windows/include/absl/log/absl_check.h
    ../../../Phigros-Auto-play-System/out/vcpkg_installed/x64-windows/include/absl/log/absl_log.h
    ../../../Phigros-Auto-play-System/out/vcpkg_installed/x64-windows/include/absl/log/absl_vlog_is_on.h
    ../../../Phigros-Auto-play-System/out/vcpkg_installed/x64-windows/include/absl/log/internal/check_impl.h
    ../../../Phigros-Auto-play-System/out/vcpkg_installed/x64-windows/include/absl/log/internal/check_op.h
    ../../../Phigros-Auto-play-System/out/vcpkg_installed/x64-windows/include/absl/log/internal/conditions.h
    ../../../Phigros-Auto-play-System/out/vcpkg_installed/x64-windows/include/absl/log/internal/config.h
    ../../../Phigros-Auto-play-System/out/vcpkg_installed/x64-windows/include/absl/log/internal/log_impl.h
    ../../../Phigros-Auto-play-System/out/vcpkg_installed/x64-windows/include/absl/log/internal/log_message.h
    ../../../Phigros-Auto-play-System/out/vcpkg_installed/x64-windows/include/absl/log/internal/nullguard.h
    ../../../Phigros-Auto-play-System/out/vcpkg_installed/x64-windows/include/absl/log/internal/nullstream.h
    ../../../Phigros-Auto-play-System/out/vcpkg_installed/x64-windows/include/absl/log/internal/proto.h
    ../../../Phigros-Auto-play-System/out/vcpkg_installed/x64-windows/include/absl/log/internal/strip.h
    ../../../Phigros-Auto-play-System/out/vcpkg_installed/x64-windows/include/absl/log/internal/structured_proto.h
    ../../../Phigros-Auto-play-System/out/vcpkg_installed/x64-windows/include/absl/log/internal/vlog_config.h
    ../../../Phigros-Auto-play-System/out/vcpkg_installed/x64-windows/include/absl/log/internal/voidify.h
    ../../../Phigros-Auto-play-System/out/vcpkg_installed/x64-windows/include/absl/log/log_entry.h
    ../../../Phigros-Auto-play-System/out/vcpkg_installed/x64-windows/include/absl/log/log_sink.h
    ../../../Phigros-Auto-play-System/out/vcpkg_installed/x64-windows/include/absl/memory/memory.h
    ../../../Phigros-Auto-play-System/out/vcpkg_installed/x64-windows/include/absl/meta/type_traits.h
    ../../../Phigros-Auto-play-System/out/vcpkg_installed/x64-windows/include/absl/numeric/bits.h
    ../../../Phigros-Auto-play-System/out/vcpkg_installed/x64-windows/include/absl/numeric/int128.h
    ../../../Phigros-Auto-play-System/out/vcpkg_installed/x64-windows/include/absl/numeric/int128_no_intrinsic.inc
    ../../../Phigros-Auto-play-System/out/vcpkg_installed/x64-windows/include/absl/numeric/internal/bits.h
    ../../../Phigros-Auto-play-System/out/vcpkg_installed/x64-windows/include/absl/profiling/internal/sample_recorder.h
    ../../../Phigros-Auto-play-System/out/vcpkg_installed/x64-windows/include/absl/status/internal/status_internal.h
    ../../../Phigros-Auto-play-System/out/vcpkg_installed/x64-windows/include/absl/status/internal/statusor_internal.h
    ../../../Phigros-Auto-play-System/out/vcpkg_installed/x64-windows/include/absl/status/status.h
    ../../../Phigros-Auto-play-System/out/vcpkg_installed/x64-windows/include/absl/status/statusor.h
    ../../../Phigros-Auto-play-System/out/vcpkg_installed/x64-windows/include/absl/strings/cord.h
    ../../../Phigros-Auto-play-System/out/vcpkg_installed/x64-windows/include/absl/strings/cord_analysis.h
    ../../../Phigros-Auto-play-System/out/vcpkg_installed/x64-windows/include/absl/strings/cord_buffer.h
    ../../../Phigros-Auto-play-System/out/vcpkg_installed/x64-windows/include/absl/strings/has_absl_stringify.h
    ../../../Phigros-Auto-play-System/out/vcpkg_installed/x64-windows/include/absl/strings/has_ostream_operator.h
    ../../../Phigros-Auto-play-System/out/vcpkg_installed/x64-windows/include/absl/strings/internal/cord_data_edge.h
    ../../../Phigros-Auto-play-System/out/vcpkg_installed/x64-windows/include/absl/strings/internal/cord_internal.h
    ../../../Phigros-Auto-play-System/out/vcpkg_installed/x64-windows/include/absl/strings/internal/cord_rep_btree.h
    ../../../Phigros-Auto-play-System/out/vcpkg_installed/x64-windows/include/absl/strings/internal/cord_rep_btree_navigator.h
    ../../../Phigros-Auto-play-System/out/vcpkg_installed/x64-windows/include/absl/strings/internal/cord_rep_btree_reader.h
    ../../../Phigros-Auto-play-System/out/vcpkg_installed/x64-windows/include/absl/strings/internal/cord_rep_crc.h
    ../../../Phigros-Auto-play-System/out/vcpkg_installed/x64-windows/include/absl/strings/internal/cord_rep_flat.h
    ../../../Phigros-Auto-play-System/out/vcpkg_installed/x64-windows/include/absl/strings/internal/cordz_functions.h
    ../../../Phigros-Auto-play-System/out/vcpkg_installed/x64-windows/include/absl/strings/internal/cordz_handle.h
    ../../../Phigros-Auto-play-System/out/vcpkg_installed/x64-windows/include/absl/strings/internal/cordz_info.h
    ../../../Phigros-Auto-play-System/out/vcpkg_installed/x64-windows/include/absl/strings/internal/cordz_statistics.h
    ../../../Phigros-Auto-play-System/out/vcpkg_installed/x64-windows/include/absl/strings/internal/cordz_update_scope.h
    ../../../Phigros-Auto-play-System/out/vcpkg_installed/x64-windows/include/absl/strings/internal/cordz_update_tracker.h
    ../../../Phigros-Auto-play-System/out/vcpkg_installed/x64-windows/include/absl/strings/internal/resize_uninitialized.h
    ../../../Phigros-Auto-play-System/out/vcpkg_installed/x64-windows/include/absl/strings/internal/str_format/arg.h
    ../../../Phigros-Auto-play-System/out/vcpkg_installed/x64-windows/include/absl/strings/internal/str_format/bind.h
    ../../../Phigros-Auto-play-System/out/vcpkg_installed/x64-windows/include/absl/strings/internal/str_format/checker.h
    ../../../Phigros-Auto-play-System/out/vcpkg_installed/x64-windows/include/absl/strings/internal/str_format/constexpr_parser.h
    ../../../Phigros-Auto-play-System/out/vcpkg_installed/x64-windows/include/absl/strings/internal/str_format/extension.h
    ../../../Phigros-Auto-play-System/out/vcpkg_installed/x64-windows/include/absl/strings/internal/str_format/output.h
    ../../../Phigros-Auto-play-System/out/vcpkg_installed/x64-windows/include/absl/strings/internal/str_format/parser.h
    ../../../Phigros-Auto-play-System/out/vcpkg_installed/x64-windows/include/absl/strings/internal/string_constant.h
    ../../../Phigros-Auto-play-System/out/vcpkg_installed/x64-windows/include/absl/strings/internal/stringify_sink.h
    ../../../Phigros-Auto-play-System/out/vcpkg_installed/x64-windows/include/absl/strings/numbers.h
    ../../../Phigros-Auto-play-System/out/vcpkg_installed/x64-windows/include/absl/strings/resize_and_overwrite.h
    ../../../Phigros-Auto-play-System/out/vcpkg_installed/x64-windows/include/absl/strings/str_cat.h
    ../../../Phigros-Auto-play-System/out/vcpkg_installed/x64-windows/include/absl/strings/str_format.h
    ../../../Phigros-Auto-play-System/out/vcpkg_installed/x64-windows/include/absl/strings/string_view.h
    ../../../Phigros-Auto-play-System/out/vcpkg_installed/x64-windows/include/absl/synchronization/internal/create_thread_identity.h
    ../../../Phigros-Auto-play-System/out/vcpkg_installed/x64-windows/include/absl/synchronization/internal/kernel_timeout.h
    ../../../Phigros-Auto-play-System/out/vcpkg_installed/x64-windows/include/absl/synchronization/internal/per_thread_sem.h
    ../../../Phigros-Auto-play-System/out/vcpkg_installed/x64-windows/include/absl/synchronization/mutex.h
    ../../../Phigros-Auto-play-System/out/vcpkg_installed/x64-windows/include/absl/time/civil_time.h
    ../../../Phigros-Auto-play-System/out/vcpkg_installed/x64-windows/include/absl/time/clock.h
    ../../../Phigros-Auto-play-System/out/vcpkg_installed/x64-windows/include/absl/time/internal/cctz/include/cctz/civil_time.h
    ../../../Phigros-Auto-play-System/out/vcpkg_installed/x64-windows/include/absl/time/internal/cctz/include/cctz/civil_time_detail.h
    ../../../Phigros-Auto-play-System/out/vcpkg_installed/x64-windows/include/absl/time/internal/cctz/include/cctz/time_zone.h
    ../../../Phigros-Auto-play-System/out/vcpkg_installed/x64-windows/include/absl/time/time.h
    ../../../Phigros-Auto-play-System/out/vcpkg_installed/x64-windows/include/absl/types/compare.h
    ../../../Phigros-Auto-play-System/out/vcpkg_installed/x64-windows/include/absl/types/internal/span.h
    ../../../Phigros-Auto-play-System/out/vcpkg_installed/x64-windows/include/absl/types/optional.h
    ../../../Phigros-Auto-play-System/out/vcpkg_installed/x64-windows/include/absl/types/span.h
    ../../../Phigros-Auto-play-System/out/vcpkg_installed/x64-windows/include/absl/types/variant.h
    ../../../Phigros-Auto-play-System/out/vcpkg_installed/x64-windows/include/absl/utility/utility.h
    ../../../Phigros-Auto-play-System/out/vcpkg_installed/x64-windows/include/google/protobuf/any.h
    ../../../Phigros-Auto-play-System/out/vcpkg_installed/x64-windows/include/google/protobuf/any.pb.h
    ../../../Phigros-Auto-play-System/out/vcpkg_installed/x64-windows/include/google/protobuf/arena.h
    ../../../Phigros-Auto-play-System/out/vcpkg_installed/x64-windows/include/google/protobuf/arena_align.h
    ../../../Phigros-Auto-play-System/out/vcpkg_installed/x64-windows/include/google/protobuf/arena_allocation_policy.h
    ../../../Phigros-Auto-play-System/out/vcpkg_installed/x64-windows/include/google/protobuf/arena_cleanup.h
    ../../../Phigros-Auto-play-System/out/vcpkg_installed/x64-windows/include/google/protobuf/arenastring.h
    ../../../Phigros-Auto-play-System/out/vcpkg_installed/x64-windows/include/google/protobuf/arenaz_sampler.h
    ../../../Phigros-Auto-play-System/out/vcpkg_installed/x64-windows/include/google/protobuf/descriptor.h
    ../../../Phigros-Auto-play-System/out/vcpkg_installed/x64-windows/include/google/protobuf/descriptor.pb.h
    ../../../Phigros-Auto-play-System/out/vcpkg_installed/x64-windows/include/google/protobuf/descriptor_database.h
    ../../../Phigros-Auto-play-System/out/vcpkg_installed/x64-windows/include/google/protobuf/descriptor_lite.h
    ../../../Phigros-Auto-play-System/out/vcpkg_installed/x64-windows/include/google/protobuf/empty.pb.h
    ../../../Phigros-Auto-play-System/out/vcpkg_installed/x64-windows/include/google/protobuf/endian.h
    ../../../Phigros-Auto-play-System/out/vcpkg_installed/x64-windows/include/google/protobuf/explicitly_constructed.h
    ../../../Phigros-Auto-play-System/out/vcpkg_installed/x64-windows/include/google/protobuf/extension_set.h
    ../../../Phigros-Auto-play-System/out/vcpkg_installed/x64-windows/include/google/protobuf/generated_enum_reflection.h
    ../../../Phigros-Auto-play-System/out/vcpkg_installed/x64-windows/include/google/protobuf/generated_enum_util.h
    ../../../Phigros-Auto-play-System/out/vcpkg_installed/x64-windows/include/google/protobuf/generated_message_bases.h
    ../../../Phigros-Auto-play-System/out/vcpkg_installed/x64-windows/include/google/protobuf/generated_message_reflection.h
    ../../../Phigros-Auto-play-System/out/vcpkg_installed/x64-windows/include/google/protobuf/generated_message_tctable_decl.h
    ../../../Phigros-Auto-play-System/out/vcpkg_installed/x64-windows/include/google/protobuf/generated_message_util.h
    ../../../Phigros-Auto-play-System/out/vcpkg_installed/x64-windows/include/google/protobuf/has_bits.h
    ../../../Phigros-Auto-play-System/out/vcpkg_installed/x64-windows/include/google/protobuf/implicit_weak_message.h
    ../../../Phigros-Auto-play-System/out/vcpkg_installed/x64-windows/include/google/protobuf/inlined_string_field.h
    ../../../Phigros-Auto-play-System/out/vcpkg_installed/x64-windows/include/google/protobuf/internal_visibility.h
    ../../../Phigros-Auto-play-System/out/vcpkg_installed/x64-windows/include/google/protobuf/io/coded_stream.h
    ../../../Phigros-Auto-play-System/out/vcpkg_installed/x64-windows/include/google/protobuf/io/zero_copy_stream.h
    ../../../Phigros-Auto-play-System/out/vcpkg_installed/x64-windows/include/google/protobuf/io/zero_copy_stream_impl_lite.h
    ../../../Phigros-Auto-play-System/out/vcpkg_installed/x64-windows/include/google/protobuf/json/json.h
    ../../../Phigros-Auto-play-System/out/vcpkg_installed/x64-windows/include/google/protobuf/map.h
    ../../../Phigros-Auto-play-System/out/vcpkg_installed/x64-windows/include/google/protobuf/map_entry.h
    ../../../Phigros-Auto-play-System/out/vcpkg_installed/x64-windows/include/google/protobuf/map_field.h
    ../../../Phigros-Auto-play-System/out/vcpkg_installed/x64-windows/include/google/protobuf/map_type_handler.h
    ../../../Phigros-Auto-play-System/out/vcpkg_installed/x64-windows/include/google/protobuf/message.h
    ../../../Phigros-Auto-play-System/out/vcpkg_installed/x64-windows/include/google/protobuf/message_lite.h
    ../../../Phigros-Auto-play-System/out/vcpkg_installed/x64-windows/include/google/protobuf/metadata_lite.h
    ../../../Phigros-Auto-play-System/out/vcpkg_installed/x64-windows/include/google/protobuf/micro_string.h
    ../../../Phigros-Auto-play-System/out/vcpkg_installed/x64-windows/include/google/protobuf/os_macros_restore.inc
    ../../../Phigros-Auto-play-System/out/vcpkg_installed/x64-windows/include/google/protobuf/os_macros_undef.inc
    ../../../Phigros-Auto-play-System/out/vcpkg_installed/x64-windows/include/google/protobuf/parse_context.h
    ../../../Phigros-Auto-play-System/out/vcpkg_installed/x64-windows/include/google/protobuf/port.h
    ../../../Phigros-Auto-play-System/out/vcpkg_installed/x64-windows/include/google/protobuf/port_def.inc
    ../../../Phigros-Auto-play-System/out/vcpkg_installed/x64-windows/include/google/protobuf/port_undef.inc
    ../../../Phigros-Auto-play-System/out/vcpkg_installed/x64-windows/include/google/protobuf/reflection.h
    ../../../Phigros-Auto-play-System/out/vcpkg_installed/x64-windows/include/google/protobuf/repeated_field.h
    ../../../Phigros-Auto-play-System/out/vcpkg_installed/x64-windows/include/google/protobuf/repeated_ptr_field.h
    ../../../Phigros-Auto-play-System/out/vcpkg_installed/x64-windows/include/google/protobuf/runtime_version.h
    ../../../Phigros-Auto-play-System/out/vcpkg_installed/x64-windows/include/google/protobuf/serial_arena.h
    ../../../Phigros-Auto-play-System/out/vcpkg_installed/x64-windows/include/google/protobuf/source_context.pb.h
    ../../../Phigros-Auto-play-System/out/vcpkg_installed/x64-windows/include/google/protobuf/string_block.h
    ../../../Phigros-Auto-play-System/out/vcpkg_installed/x64-windows/include/google/protobuf/stubs/common.h
    ../../../Phigros-Auto-play-System/out/vcpkg_installed/x64-windows/include/google/protobuf/stubs/platform_macros.h
    ../../../Phigros-Auto-play-System/out/vcpkg_installed/x64-windows/include/google/protobuf/stubs/port.h
    ../../../Phigros-Auto-play-System/out/vcpkg_installed/x64-windows/include/google/protobuf/thread_safe_arena.h
    ../../../Phigros-Auto-play-System/out/vcpkg_installed/x64-windows/include/google/protobuf/type.pb.h
    ../../../Phigros-Auto-play-System/out/vcpkg_installed/x64-windows/include/google/protobuf/unknown_field_set.h
    ../../../Phigros-Auto-play-System/out/vcpkg_installed/x64-windows/include/google/protobuf/util/json_util.h
    ../../../Phigros-Auto-play-System/out/vcpkg_installed/x64-windows/include/google/protobuf/util/type_resolver.h
    ../../../Phigros-Auto-play-System/out/vcpkg_installed/x64-windows/include/google/protobuf/util/type_resolver_util.h
    ../../../Phigros-Auto-play-System/out/vcpkg_installed/x64-windows/include/google/protobuf/wire_format_lite.h
    ../../../Phigros-Auto-play-System/out/vcpkg_installed/x64-windows/include/grpc/byte_buffer.h
    ../../../Phigros-Auto-play-System/out/vcpkg_installed/x64-windows/include/grpc/byte_buffer_reader.h
    ../../../Phigros-Auto-play-System/out/vcpkg_installed/x64-windows/include/grpc/compression.h
    ../../../Phigros-Auto-play-System/out/vcpkg_installed/x64-windows/include/grpc/context_types.h
    ../../../Phigros-Auto-play-System/out/vcpkg_installed/x64-windows/include/grpc/credentials.h
    ../../../Phigros-Auto-play-System/out/vcpkg_installed/x64-windows/include/grpc/event_engine/endpoint_config.h
    ../../../Phigros-Auto-play-System/out/vcpkg_installed/x64-windows/include/grpc/event_engine/event_engine.h
    ../../../Phigros-Auto-play-System/out/vcpkg_installed/x64-windows/include/grpc/event_engine/extensible.h
    ../../../Phigros-Auto-play-System/out/vcpkg_installed/x64-windows/include/grpc/event_engine/internal/memory_allocator_impl.h
    ../../../Phigros-Auto-play-System/out/vcpkg_installed/x64-windows/include/grpc/event_engine/internal/slice_cast.h
    ../../../Phigros-Auto-play-System/out/vcpkg_installed/x64-windows/include/grpc/event_engine/internal/write_event.h
    ../../../Phigros-Auto-play-System/out/vcpkg_installed/x64-windows/include/grpc/event_engine/memory_allocator.h
    ../../../Phigros-Auto-play-System/out/vcpkg_installed/x64-windows/include/grpc/event_engine/memory_request.h
    ../../../Phigros-Auto-play-System/out/vcpkg_installed/x64-windows/include/grpc/event_engine/port.h
    ../../../Phigros-Auto-play-System/out/vcpkg_installed/x64-windows/include/grpc/event_engine/slice.h
    ../../../Phigros-Auto-play-System/out/vcpkg_installed/x64-windows/include/grpc/event_engine/slice_buffer.h
    ../../../Phigros-Auto-play-System/out/vcpkg_installed/x64-windows/include/grpc/grpc.h
    ../../../Phigros-Auto-play-System/out/vcpkg_installed/x64-windows/include/grpc/grpc_crl_provider.h
    ../../../Phigros-Auto-play-System/out/vcpkg_installed/x64-windows/include/grpc/grpc_security.h
    ../../../Phigros-Auto-play-System/out/vcpkg_installed/x64-windows/include/grpc/grpc_security_constants.h
    ../../../Phigros-Auto-play-System/out/vcpkg_installed/x64-windows/include/grpc/impl/call.h
    ../../../Phigros-Auto-play-System/out/vcpkg_installed/x64-windows/include/grpc/impl/channel_arg_names.h
    ../../../Phigros-Auto-play-System/out/vcpkg_installed/x64-windows/include/grpc/impl/codegen/gpr_types.h
    ../../../Phigros-Auto-play-System/out/vcpkg_installed/x64-windows/include/grpc/impl/codegen/port_platform.h
    ../../../Phigros-Auto-play-System/out/vcpkg_installed/x64-windows/include/grpc/impl/codegen/slice.h
    ../../../Phigros-Auto-play-System/out/vcpkg_installed/x64-windows/include/grpc/impl/compression_types.h
    ../../../Phigros-Auto-play-System/out/vcpkg_installed/x64-windows/include/grpc/impl/connectivity_state.h
    ../../../Phigros-Auto-play-System/out/vcpkg_installed/x64-windows/include/grpc/impl/grpc_types.h
    ../../../Phigros-Auto-play-System/out/vcpkg_installed/x64-windows/include/grpc/impl/propagation_bits.h
    ../../../Phigros-Auto-play-System/out/vcpkg_installed/x64-windows/include/grpc/impl/slice_type.h
    ../../../Phigros-Auto-play-System/out/vcpkg_installed/x64-windows/include/grpc/passive_listener.h
    ../../../Phigros-Auto-play-System/out/vcpkg_installed/x64-windows/include/grpc/private_key_signer.h
    ../../../Phigros-Auto-play-System/out/vcpkg_installed/x64-windows/include/grpc/slice.h
    ../../../Phigros-Auto-play-System/out/vcpkg_installed/x64-windows/include/grpc/slice_buffer.h
    ../../../Phigros-Auto-play-System/out/vcpkg_installed/x64-windows/include/grpc/status.h
    ../../../Phigros-Auto-play-System/out/vcpkg_installed/x64-windows/include/grpc/support/alloc.h
    ../../../Phigros-Auto-play-System/out/vcpkg_installed/x64-windows/include/grpc/support/atm.h
    ../../../Phigros-Auto-play-System/out/vcpkg_installed/x64-windows/include/grpc/support/atm_windows.h
    ../../../Phigros-Auto-play-System/out/vcpkg_installed/x64-windows/include/grpc/support/cpu.h
    ../../../Phigros-Auto-play-System/out/vcpkg_installed/x64-windows/include/grpc/support/port_platform.h
    ../../../Phigros-Auto-play-System/out/vcpkg_installed/x64-windows/include/grpc/support/sync.h
    ../../../Phigros-Auto-play-System/out/vcpkg_installed/x64-windows/include/grpc/support/sync_abseil.h
    ../../../Phigros-Auto-play-System/out/vcpkg_installed/x64-windows/include/grpc/support/sync_generic.h
    ../../../Phigros-Auto-play-System/out/vcpkg_installed/x64-windows/include/grpc/support/time.h
    ../../../Phigros-Auto-play-System/out/vcpkg_installed/x64-windows/include/grpc/support/workaround_list.h
    ../../../Phigros-Auto-play-System/out/vcpkg_installed/x64-windows/include/grpcpp/call_context_types.h
    ../../../Phigros-Auto-play-System/out/vcpkg_installed/x64-windows/include/grpcpp/channel.h
    ../../../Phigros-Auto-play-System/out/vcpkg_installed/x64-windows/include/grpcpp/client_context.h
    ../../../Phigros-Auto-play-System/out/vcpkg_installed/x64-windows/include/grpcpp/completion_queue.h
    ../../../Phigros-Auto-play-System/out/vcpkg_installed/x64-windows/include/grpcpp/create_channel.h
    ../../../Phigros-Auto-play-System/out/vcpkg_installed/x64-windows/include/grpcpp/create_channel_posix.h
    ../../../Phigros-Auto-play-System/out/vcpkg_installed/x64-windows/include/grpcpp/generic/async_generic_service.h
    ../../../Phigros-Auto-play-System/out/vcpkg_installed/x64-windows/include/grpcpp/generic/callback_generic_service.h
    ../../../Phigros-Auto-play-System/out/vcpkg_installed/x64-windows/include/grpcpp/grpcpp.h
    ../../../Phigros-Auto-play-System/out/vcpkg_installed/x64-windows/include/grpcpp/health_check_service_interface.h
    ../../../Phigros-Auto-play-System/out/vcpkg_installed/x64-windows/include/grpcpp/impl/allowed_call_context_types.h
    ../../../Phigros-Auto-play-System/out/vcpkg_installed/x64-windows/include/grpcpp/impl/call.h
    ../../../Phigros-Auto-play-System/out/vcpkg_installed/x64-windows/include/grpcpp/impl/call_context_registry.h
    ../../../Phigros-Auto-play-System/out/vcpkg_installed/x64-windows/include/grpcpp/impl/call_op_set.h
    ../../../Phigros-Auto-play-System/out/vcpkg_installed/x64-windows/include/grpcpp/impl/call_op_set_interface.h
    ../../../Phigros-Auto-play-System/out/vcpkg_installed/x64-windows/include/grpcpp/impl/channel_argument_option.h
    ../../../Phigros-Auto-play-System/out/vcpkg_installed/x64-windows/include/grpcpp/impl/channel_interface.h
    ../../../Phigros-Auto-play-System/out/vcpkg_installed/x64-windows/include/grpcpp/impl/codegen/channel_interface.h
    ../../../Phigros-Auto-play-System/out/vcpkg_installed/x64-windows/include/grpcpp/impl/codegen/config.h
    ../../../Phigros-Auto-play-System/out/vcpkg_installed/x64-windows/include/grpcpp/impl/codegen/config_protobuf.h
    ../../../Phigros-Auto-play-System/out/vcpkg_installed/x64-windows/include/grpcpp/impl/codegen/create_auth_context.h
    ../../../Phigros-Auto-play-System/out/vcpkg_installed/x64-windows/include/grpcpp/impl/codegen/intercepted_channel.h
    ../../../Phigros-Auto-play-System/out/vcpkg_installed/x64-windows/include/grpcpp/impl/codegen/interceptor_common.h
    ../../../Phigros-Auto-play-System/out/vcpkg_installed/x64-windows/include/grpcpp/impl/codegen/metadata_map.h
    ../../../Phigros-Auto-play-System/out/vcpkg_installed/x64-windows/include/grpcpp/impl/codegen/rpc_service_method.h
    ../../../Phigros-Auto-play-System/out/vcpkg_installed/x64-windows/include/grpcpp/impl/codegen/sync.h
    ../../../Phigros-Auto-play-System/out/vcpkg_installed/x64-windows/include/grpcpp/impl/codegen/time.h
    ../../../Phigros-Auto-play-System/out/vcpkg_installed/x64-windows/include/grpcpp/impl/completion_queue_tag.h
    ../../../Phigros-Auto-play-System/out/vcpkg_installed/x64-windows/include/grpcpp/impl/create_auth_context.h
    ../../../Phigros-Auto-play-System/out/vcpkg_installed/x64-windows/include/grpcpp/impl/generic_serialize.h
    ../../../Phigros-Auto-play-System/out/vcpkg_installed/x64-windows/include/grpcpp/impl/grpc_library.h
    ../../../Phigros-Auto-play-System/out/vcpkg_installed/x64-windows/include/grpcpp/impl/intercepted_channel.h
    ../../../Phigros-Auto-play-System/out/vcpkg_installed/x64-windows/include/grpcpp/impl/interceptor_common.h
    ../../../Phigros-Auto-play-System/out/vcpkg_installed/x64-windows/include/grpcpp/impl/metadata_map.h
    ../../../Phigros-Auto-play-System/out/vcpkg_installed/x64-windows/include/grpcpp/impl/proto_utils.h
    ../../../Phigros-Auto-play-System/out/vcpkg_installed/x64-windows/include/grpcpp/impl/rpc_method.h
    ../../../Phigros-Auto-play-System/out/vcpkg_installed/x64-windows/include/grpcpp/impl/rpc_service_method.h
    ../../../Phigros-Auto-play-System/out/vcpkg_installed/x64-windows/include/grpcpp/impl/serialization_traits.h
    ../../../Phigros-Auto-play-System/out/vcpkg_installed/x64-windows/include/grpcpp/impl/server_builder_option.h
    ../../../Phigros-Auto-play-System/out/vcpkg_installed/x64-windows/include/grpcpp/impl/server_builder_plugin.h
    ../../../Phigros-Auto-play-System/out/vcpkg_installed/x64-windows/include/grpcpp/impl/server_callback_handlers.h
    ../../../Phigros-Auto-play-System/out/vcpkg_installed/x64-windows/include/grpcpp/impl/service_type.h
    ../../../Phigros-Auto-play-System/out/vcpkg_installed/x64-windows/include/grpcpp/impl/status.h
    ../../../Phigros-Auto-play-System/out/vcpkg_installed/x64-windows/include/grpcpp/impl/sync.h
    ../../../Phigros-Auto-play-System/out/vcpkg_installed/x64-windows/include/grpcpp/passive_listener.h
    ../../../Phigros-Auto-play-System/out/vcpkg_installed/x64-windows/include/grpcpp/ports_def.inc
    ../../../Phigros-Auto-play-System/out/vcpkg_installed/x64-windows/include/grpcpp/ports_undef.inc
    ../../../Phigros-Auto-play-System/out/vcpkg_installed/x64-windows/include/grpcpp/resource_quota.h
    ../../../Phigros-Auto-play-System/out/vcpkg_installed/x64-windows/include/grpcpp/security/auth_context.h
    ../../../Phigros-Auto-play-System/out/vcpkg_installed/x64-windows/include/grpcpp/security/auth_metadata_processor.h
    ../../../Phigros-Auto-play-System/out/vcpkg_installed/x64-windows/include/grpcpp/security/authorization_policy_provider.h
    ../../../Phigros-Auto-play-System/out/vcpkg_installed/x64-windows/include/grpcpp/security/credentials.h
    ../../../Phigros-Auto-play-System/out/vcpkg_installed/x64-windows/include/grpcpp/security/server_credentials.h
    ../../../Phigros-Auto-play-System/out/vcpkg_installed/x64-windows/include/grpcpp/security/tls_certificate_provider.h
    ../../../Phigros-Auto-play-System/out/vcpkg_installed/x64-windows/include/grpcpp/security/tls_certificate_verifier.h
    ../../../Phigros-Auto-play-System/out/vcpkg_installed/x64-windows/include/grpcpp/security/tls_credentials_options.h
    ../../../Phigros-Auto-play-System/out/vcpkg_installed/x64-windows/include/grpcpp/security/tls_crl_provider.h
    ../../../Phigros-Auto-play-System/out/vcpkg_installed/x64-windows/include/grpcpp/security/tls_private_key_signer.h
    ../../../Phigros-Auto-play-System/out/vcpkg_installed/x64-windows/include/grpcpp/server.h
    ../../../Phigros-Auto-play-System/out/vcpkg_installed/x64-windows/include/grpcpp/server_builder.h
    ../../../Phigros-Auto-play-System/out/vcpkg_installed/x64-windows/include/grpcpp/server_context.h
    ../../../Phigros-Auto-play-System/out/vcpkg_installed/x64-windows/include/grpcpp/server_interface.h
    ../../../Phigros-Auto-play-System/out/vcpkg_installed/x64-windows/include/grpcpp/server_posix.h
    ../../../Phigros-Auto-play-System/out/vcpkg_installed/x64-windows/include/grpcpp/support/async_stream.h
    ../../../Phigros-Auto-play-System/out/vcpkg_installed/x64-windows/include/grpcpp/support/async_unary_call.h
    ../../../Phigros-Auto-play-System/out/vcpkg_installed/x64-windows/include/grpcpp/support/byte_buffer.h
    ../../../Phigros-Auto-play-System/out/vcpkg_installed/x64-windows/include/grpcpp/support/callback_common.h
    ../../../Phigros-Auto-play-System/out/vcpkg_installed/x64-windows/include/grpcpp/support/channel_arguments.h
    ../../../Phigros-Auto-play-System/out/vcpkg_installed/x64-windows/include/grpcpp/support/client_callback.h
    ../../../Phigros-Auto-play-System/out/vcpkg_installed/x64-windows/include/grpcpp/support/client_interceptor.h
    ../../../Phigros-Auto-play-System/out/vcpkg_installed/x64-windows/include/grpcpp/support/config.h
    ../../../Phigros-Auto-play-System/out/vcpkg_installed/x64-windows/include/grpcpp/support/global_callback_hook.h
    ../../../Phigros-Auto-play-System/out/vcpkg_installed/x64-windows/include/grpcpp/support/interceptor.h
    ../../../Phigros-Auto-play-System/out/vcpkg_installed/x64-windows/include/grpcpp/support/message_allocator.h
    ../../../Phigros-Auto-play-System/out/vcpkg_installed/x64-windows/include/grpcpp/support/method_handler.h
    ../../../Phigros-Auto-play-System/out/vcpkg_installed/x64-windows/include/grpcpp/support/proto_buffer_reader.h
    ../../../Phigros-Auto-play-System/out/vcpkg_installed/x64-windows/include/grpcpp/support/proto_buffer_writer.h
    ../../../Phigros-Auto-play-System/out/vcpkg_installed/x64-windows/include/grpcpp/support/server_callback.h
    ../../../Phigros-Auto-play-System/out/vcpkg_installed/x64-windows/include/grpcpp/support/server_interceptor.h
    ../../../Phigros-Auto-play-System/out/vcpkg_installed/x64-windows/include/grpcpp/support/slice.h
    ../../../Phigros-Auto-play-System/out/vcpkg_installed/x64-windows/include/grpcpp/support/status.h
    ../../../Phigros-Auto-play-System/out/vcpkg_installed/x64-windows/include/grpcpp/support/status_code_enum.h
    ../../../Phigros-Auto-play-System/out/vcpkg_installed/x64-windows/include/grpcpp/support/string_ref.h
    ../../../Phigros-Auto-play-System/out/vcpkg_installed/x64-windows/include/grpcpp/support/stub_options.h
    ../../../Phigros-Auto-play-System/out/vcpkg_installed/x64-windows/include/grpcpp/support/sync_stream.h
    ../../../Phigros-Auto-play-System/out/vcpkg_installed/x64-windows/include/grpcpp/support/time.h
    ../../../Phigros-Auto-play-System/out/vcpkg_installed/x64-windows/include/grpcpp/version_info.h
    ../../../Phigros-Auto-play-System/out/vcpkg_installed/x64-windows/include/gtest/gtest-assertion-result.h
    ../../../Phigros-Auto-play-System/out/vcpkg_installed/x64-windows/include/gtest/gtest-death-test.h
    ../../../Phigros-Auto-play-System/out/vcpkg_installed/x64-windows/include/gtest/gtest-matchers.h
    ../../../Phigros-Auto-play-System/out/vcpkg_installed/x64-windows/include/gtest/gtest-message.h
    ../../../Phigros-Auto-play-System/out/vcpkg_installed/x64-windows/include/gtest/gtest-param-test.h
    ../../../Phigros-Auto-play-System/out/vcpkg_installed/x64-windows/include/gtest/gtest-printers.h
    ../../../Phigros-Auto-play-System/out/vcpkg_installed/x64-windows/include/gtest/gtest-test-part.h
    ../../../Phigros-Auto-play-System/out/vcpkg_installed/x64-windows/include/gtest/gtest-typed-test.h
    ../../../Phigros-Auto-play-System/out/vcpkg_installed/x64-windows/include/gtest/gtest.h
    ../../../Phigros-Auto-play-System/out/vcpkg_installed/x64-windows/include/gtest/gtest_pred_impl.h
    ../../../Phigros-Auto-play-System/out/vcpkg_installed/x64-windows/include/gtest/gtest_prod.h
    ../../../Phigros-Auto-play-System/out/vcpkg_installed/x64-windows/include/gtest/internal/custom/gtest-port.h
    ../../../Phigros-Auto-play-System/out/vcpkg_installed/x64-windows/include/gtest/internal/custom/gtest-printers.h
    ../../../Phigros-Auto-play-System/out/vcpkg_installed/x64-windows/include/gtest/internal/gtest-death-test-internal.h
    ../../../Phigros-Auto-play-System/out/vcpkg_installed/x64-windows/include/gtest/internal/gtest-filepath.h
    ../../../Phigros-Auto-play-System/out/vcpkg_installed/x64-windows/include/gtest/internal/gtest-internal.h
    ../../../Phigros-Auto-play-System/out/vcpkg_installed/x64-windows/include/gtest/internal/gtest-param-util.h
    ../../../Phigros-Auto-play-System/out/vcpkg_installed/x64-windows/include/gtest/internal/gtest-port-arch.h
    ../../../Phigros-Auto-play-System/out/vcpkg_installed/x64-windows/include/gtest/internal/gtest-port.h
    ../../../Phigros-Auto-play-System/out/vcpkg_installed/x64-windows/include/gtest/internal/gtest-string.h
    ../../../Phigros-Auto-play-System/out/vcpkg_installed/x64-windows/include/gtest/internal/gtest-type-util.h
    ../../../Phigros-Auto-play-System/out/vcpkg_installed/x64-windows/include/nlohmann/adl_serializer.hpp
    ../../../Phigros-Auto-play-System/out/vcpkg_installed/x64-windows/include/nlohmann/byte_container_with_subtype.hpp
    ../../../Phigros-Auto-play-System/out/vcpkg_installed/x64-windows/include/nlohmann/detail/abi_macros.hpp
    ../../../Phigros-Auto-play-System/out/vcpkg_installed/x64-windows/include/nlohmann/detail/conversions/from_json.hpp
    ../../../Phigros-Auto-play-System/out/vcpkg_installed/x64-windows/include/nlohmann/detail/conversions/to_chars.hpp
    ../../../Phigros-Auto-play-System/out/vcpkg_installed/x64-windows/include/nlohmann/detail/conversions/to_json.hpp
    ../../../Phigros-Auto-play-System/out/vcpkg_installed/x64-windows/include/nlohmann/detail/exceptions.hpp
    ../../../Phigros-Auto-play-System/out/vcpkg_installed/x64-windows/include/nlohmann/detail/hash.hpp
    ../../../Phigros-Auto-play-System/out/vcpkg_installed/x64-windows/include/nlohmann/detail/input/binary_reader.hpp
    ../../../Phigros-Auto-play-System/out/vcpkg_installed/x64-windows/include/nlohmann/detail/input/input_adapters.hpp
    ../../../Phigros-Auto-play-System/out/vcpkg_installed/x64-windows/include/nlohmann/detail/input/json_sax.hpp
    ../../../Phigros-Auto-play-System/out/vcpkg_installed/x64-windows/include/nlohmann/detail/input/lexer.hpp
    ../../../Phigros-Auto-play-System/out/vcpkg_installed/x64-windows/include/nlohmann/detail/input/parser.hpp
    ../../../Phigros-Auto-play-System/out/vcpkg_installed/x64-windows/include/nlohmann/detail/input/position_t.hpp
    ../../../Phigros-Auto-play-System/out/vcpkg_installed/x64-windows/include/nlohmann/detail/iterators/internal_iterator.hpp
    ../../../Phigros-Auto-play-System/out/vcpkg_installed/x64-windows/include/nlohmann/detail/iterators/iter_impl.hpp
    ../../../Phigros-Auto-play-System/out/vcpkg_installed/x64-windows/include/nlohmann/detail/iterators/iteration_proxy.hpp
    ../../../Phigros-Auto-play-System/out/vcpkg_installed/x64-windows/include/nlohmann/detail/iterators/iterator_traits.hpp
    ../../../Phigros-Auto-play-System/out/vcpkg_installed/x64-windows/include/nlohmann/detail/iterators/json_reverse_iterator.hpp
    ../../../Phigros-Auto-play-System/out/vcpkg_installed/x64-windows/include/nlohmann/detail/iterators/primitive_iterator.hpp
    ../../../Phigros-Auto-play-System/out/vcpkg_installed/x64-windows/include/nlohmann/detail/json_custom_base_class.hpp
    ../../../Phigros-Auto-play-System/out/vcpkg_installed/x64-windows/include/nlohmann/detail/json_pointer.hpp
    ../../../Phigros-Auto-play-System/out/vcpkg_installed/x64-windows/include/nlohmann/detail/json_ref.hpp
    ../../../Phigros-Auto-play-System/out/vcpkg_installed/x64-windows/include/nlohmann/detail/macro_scope.hpp
    ../../../Phigros-Auto-play-System/out/vcpkg_installed/x64-windows/include/nlohmann/detail/macro_unscope.hpp
    ../../../Phigros-Auto-play-System/out/vcpkg_installed/x64-windows/include/nlohmann/detail/meta/call_std/begin.hpp
    ../../../Phigros-Auto-play-System/out/vcpkg_installed/x64-windows/include/nlohmann/detail/meta/call_std/end.hpp
    ../../../Phigros-Auto-play-System/out/vcpkg_installed/x64-windows/include/nlohmann/detail/meta/cpp_future.hpp
    ../../../Phigros-Auto-play-System/out/vcpkg_installed/x64-windows/include/nlohmann/detail/meta/detected.hpp
    ../../../Phigros-Auto-play-System/out/vcpkg_installed/x64-windows/include/nlohmann/detail/meta/identity_tag.hpp
    ../../../Phigros-Auto-play-System/out/vcpkg_installed/x64-windows/include/nlohmann/detail/meta/is_sax.hpp
    ../../../Phigros-Auto-play-System/out/vcpkg_installed/x64-windows/include/nlohmann/detail/meta/std_fs.hpp
    ../../../Phigros-Auto-play-System/out/vcpkg_installed/x64-windows/include/nlohmann/detail/meta/type_traits.hpp
    ../../../Phigros-Auto-play-System/out/vcpkg_installed/x64-windows/include/nlohmann/detail/meta/void_t.hpp
    ../../../Phigros-Auto-play-System/out/vcpkg_installed/x64-windows/include/nlohmann/detail/output/binary_writer.hpp
    ../../../Phigros-Auto-play-System/out/vcpkg_installed/x64-windows/include/nlohmann/detail/output/output_adapters.hpp
    ../../../Phigros-Auto-play-System/out/vcpkg_installed/x64-windows/include/nlohmann/detail/output/serializer.hpp
    ../../../Phigros-Auto-play-System/out/vcpkg_installed/x64-windows/include/nlohmann/detail/string_concat.hpp
    ../../../Phigros-Auto-play-System/out/vcpkg_installed/x64-windows/include/nlohmann/detail/string_escape.hpp
    ../../../Phigros-Auto-play-System/out/vcpkg_installed/x64-windows/include/nlohmann/detail/string_utils.hpp
    ../../../Phigros-Auto-play-System/out/vcpkg_installed/x64-windows/include/nlohmann/detail/value_t.hpp
    ../../../Phigros-Auto-play-System/out/vcpkg_installed/x64-windows/include/nlohmann/json.hpp
    ../../../Phigros-Auto-play-System/out/vcpkg_installed/x64-windows/include/nlohmann/json_fwd.hpp
    ../../../Phigros-Auto-play-System/out/vcpkg_installed/x64-windows/include/nlohmann/ordered_map.hpp
    ../../../Phigros-Auto-play-System/out/vcpkg_installed/x64-windows/include/nlohmann/thirdparty/hedley/hedley.hpp
    ../../../Phigros-Auto-play-System/out/vcpkg_installed/x64-windows/include/nlohmann/thirdparty/hedley/hedley_undef.hpp
    ../../../Phigros-Auto-play-System/out/vcpkg_installed/x64-windows/include/utf8_range.h
    ../../../Phigros-Auto-play-System/out/vcpkg_installed/x64-windows/include/utf8_validity.h
    ../../include/pas/config.hpp
    ../../include/pas/core.hpp
    ../../include/pas/emulator.hpp
    ../../include/pas/game.hpp
    ../../include/pas/game_motion.hpp
    ../../include/pas/game_tracking.hpp
    ../../include/pas/grpc_transport.hpp
    ../../include/pas/runtime.hpp
    ../win-r4-ninja-release-01/generated/emulator_controller.grpc.pb.h
    ../win-r4-ninja-release-01/generated/emulator_controller.pb.h

CMakeFiles/cost_analysis.dir/cost_analysis.cpp.obj.ddi: #deps 46, deps mtime 8129903570877936 (VALID)
    ../../../Phigros-Auto-play-System/out/vcpkg_installed/x64-windows/include/nlohmann/adl_serializer.hpp
    ../../../Phigros-Auto-play-System/out/vcpkg_installed/x64-windows/include/nlohmann/byte_container_with_subtype.hpp
    ../../../Phigros-Auto-play-System/out/vcpkg_installed/x64-windows/include/nlohmann/detail/abi_macros.hpp
    ../../../Phigros-Auto-play-System/out/vcpkg_installed/x64-windows/include/nlohmann/detail/conversions/from_json.hpp
    ../../../Phigros-Auto-play-System/out/vcpkg_installed/x64-windows/include/nlohmann/detail/conversions/to_chars.hpp
    ../../../Phigros-Auto-play-System/out/vcpkg_installed/x64-windows/include/nlohmann/detail/conversions/to_json.hpp
    ../../../Phigros-Auto-play-System/out/vcpkg_installed/x64-windows/include/nlohmann/detail/exceptions.hpp
    ../../../Phigros-Auto-play-System/out/vcpkg_installed/x64-windows/include/nlohmann/detail/hash.hpp
    ../../../Phigros-Auto-play-System/out/vcpkg_installed/x64-windows/include/nlohmann/detail/input/binary_reader.hpp
    ../../../Phigros-Auto-play-System/out/vcpkg_installed/x64-windows/include/nlohmann/detail/input/input_adapters.hpp
    ../../../Phigros-Auto-play-System/out/vcpkg_installed/x64-windows/include/nlohmann/detail/input/json_sax.hpp
    ../../../Phigros-Auto-play-System/out/vcpkg_installed/x64-windows/include/nlohmann/detail/input/lexer.hpp
    ../../../Phigros-Auto-play-System/out/vcpkg_installed/x64-windows/include/nlohmann/detail/input/parser.hpp
    ../../../Phigros-Auto-play-System/out/vcpkg_installed/x64-windows/include/nlohmann/detail/input/position_t.hpp
    ../../../Phigros-Auto-play-System/out/vcpkg_installed/x64-windows/include/nlohmann/detail/iterators/internal_iterator.hpp
    ../../../Phigros-Auto-play-System/out/vcpkg_installed/x64-windows/include/nlohmann/detail/iterators/iter_impl.hpp
    ../../../Phigros-Auto-play-System/out/vcpkg_installed/x64-windows/include/nlohmann/detail/iterators/iteration_proxy.hpp
    ../../../Phigros-Auto-play-System/out/vcpkg_installed/x64-windows/include/nlohmann/detail/iterators/iterator_traits.hpp
    ../../../Phigros-Auto-play-System/out/vcpkg_installed/x64-windows/include/nlohmann/detail/iterators/json_reverse_iterator.hpp
    ../../../Phigros-Auto-play-System/out/vcpkg_installed/x64-windows/include/nlohmann/detail/iterators/primitive_iterator.hpp
    ../../../Phigros-Auto-play-System/out/vcpkg_installed/x64-windows/include/nlohmann/detail/json_custom_base_class.hpp
    ../../../Phigros-Auto-play-System/out/vcpkg_installed/x64-windows/include/nlohmann/detail/json_pointer.hpp
    ../../../Phigros-Auto-play-System/out/vcpkg_installed/x64-windows/include/nlohmann/detail/json_ref.hpp
    ../../../Phigros-Auto-play-System/out/vcpkg_installed/x64-windows/include/nlohmann/detail/macro_scope.hpp
    ../../../Phigros-Auto-play-System/out/vcpkg_installed/x64-windows/include/nlohmann/detail/macro_unscope.hpp
    ../../../Phigros-Auto-play-System/out/vcpkg_installed/x64-windows/include/nlohmann/detail/meta/call_std/begin.hpp
    ../../../Phigros-Auto-play-System/out/vcpkg_installed/x64-windows/include/nlohmann/detail/meta/call_std/end.hpp
    ../../../Phigros-Auto-play-System/out/vcpkg_installed/x64-windows/include/nlohmann/detail/meta/cpp_future.hpp
    ../../../Phigros-Auto-play-System/out/vcpkg_installed/x64-windows/include/nlohmann/detail/meta/detected.hpp
    ../../../Phigros-Auto-play-System/out/vcpkg_installed/x64-windows/include/nlohmann/detail/meta/identity_tag.hpp
    ../../../Phigros-Auto-play-System/out/vcpkg_installed/x64-windows/include/nlohmann/detail/meta/is_sax.hpp
    ../../../Phigros-Auto-play-System/out/vcpkg_installed/x64-windows/include/nlohmann/detail/meta/std_fs.hpp
    ../../../Phigros-Auto-play-System/out/vcpkg_installed/x64-windows/include/nlohmann/detail/meta/type_traits.hpp
    ../../../Phigros-Auto-play-System/out/vcpkg_installed/x64-windows/include/nlohmann/detail/meta/void_t.hpp
    ../../../Phigros-Auto-play-System/out/vcpkg_installed/x64-windows/include/nlohmann/detail/output/binary_writer.hpp
    ../../../Phigros-Auto-play-System/out/vcpkg_installed/x64-windows/include/nlohmann/detail/output/output_adapters.hpp
    ../../../Phigros-Auto-play-System/out/vcpkg_installed/x64-windows/include/nlohmann/detail/output/serializer.hpp
    ../../../Phigros-Auto-play-System/out/vcpkg_installed/x64-windows/include/nlohmann/detail/string_concat.hpp
    ../../../Phigros-Auto-play-System/out/vcpkg_installed/x64-windows/include/nlohmann/detail/string_escape.hpp
    ../../../Phigros-Auto-play-System/out/vcpkg_installed/x64-windows/include/nlohmann/detail/string_utils.hpp
    ../../../Phigros-Auto-play-System/out/vcpkg_installed/x64-windows/include/nlohmann/detail/value_t.hpp
    ../../../Phigros-Auto-play-System/out/vcpkg_installed/x64-windows/include/nlohmann/json.hpp
    ../../../Phigros-Auto-play-System/out/vcpkg_installed/x64-windows/include/nlohmann/json_fwd.hpp
    ../../../Phigros-Auto-play-System/out/vcpkg_installed/x64-windows/include/nlohmann/ordered_map.hpp
    ../../../Phigros-Auto-play-System/out/vcpkg_installed/x64-windows/include/nlohmann/thirdparty/hedley/hedley.hpp
    ../../../Phigros-Auto-play-System/out/vcpkg_installed/x64-windows/include/nlohmann/thirdparty/hedley/hedley_undef.hpp

CMakeFiles/formal_affected.dir/runtime_contract.cpp.obj.ddi: #deps 399, deps mtime 8129903579132116 (VALID)
    ../../../Phigros-Auto-play-System/out/vcpkg_installed/x64-windows/include/absl/algorithm/algorithm.h
    ../../../Phigros-Auto-play-System/out/vcpkg_installed/x64-windows/include/absl/algorithm/container.h
    ../../../Phigros-Auto-play-System/out/vcpkg_installed/x64-windows/include/absl/base/attributes.h
    ../../../Phigros-Auto-play-System/out/vcpkg_installed/x64-windows/include/absl/base/call_once.h
    ../../../Phigros-Auto-play-System/out/vcpkg_installed/x64-windows/include/absl/base/casts.h
    ../../../Phigros-Auto-play-System/out/vcpkg_installed/x64-windows/include/absl/base/config.h
    ../../../Phigros-Auto-play-System/out/vcpkg_installed/x64-windows/include/absl/base/const_init.h
    ../../../Phigros-Auto-play-System/out/vcpkg_installed/x64-windows/include/absl/base/dynamic_annotations.h
    ../../../Phigros-Auto-play-System/out/vcpkg_installed/x64-windows/include/absl/base/internal/atomic_hook.h
    ../../../Phigros-Auto-play-System/out/vcpkg_installed/x64-windows/include/absl/base/internal/dynamic_annotations.h
    ../../../Phigros-Auto-play-System/out/vcpkg_installed/x64-windows/include/absl/base/internal/endian.h
    ../../../Phigros-Auto-play-System/out/vcpkg_installed/x64-windows/include/absl/base/internal/errno_saver.h
    ../../../Phigros-Auto-play-System/out/vcpkg_installed/x64-windows/include/absl/base/internal/iterator_traits.h
    ../../../Phigros-Auto-play-System/out/vcpkg_installed/x64-windows/include/absl/base/internal/low_level_scheduling.h
    ../../../Phigros-Auto-play-System/out/vcpkg_installed/x64-windows/include/absl/base/internal/per_thread_tls.h
    ../../../Phigros-Auto-play-System/out/vcpkg_installed/x64-windows/include/absl/base/internal/raw_logging.h
    ../../../Phigros-Auto-play-System/out/vcpkg_installed/x64-windows/include/absl/base/internal/scheduling_mode.h
    ../../../Phigros-Auto-play-System/out/vcpkg_installed/x64-windows/include/absl/base/internal/spinlock_wait.h
    ../../../Phigros-Auto-play-System/out/vcpkg_installed/x64-windows/include/absl/base/internal/thread_identity.h
    ../../../Phigros-Auto-play-System/out/vcpkg_installed/x64-windows/include/absl/base/internal/throw_delegate.h
    ../../../Phigros-Auto-play-System/out/vcpkg_installed/x64-windows/include/absl/base/internal/tsan_mutex_interface.h
    ../../../Phigros-Auto-play-System/out/vcpkg_installed/x64-windows/include/absl/base/internal/unaligned_access.h
    ../../../Phigros-Auto-play-System/out/vcpkg_installed/x64-windows/include/absl/base/log_severity.h
    ../../../Phigros-Auto-play-System/out/vcpkg_installed/x64-windows/include/absl/base/macros.h
    ../../../Phigros-Auto-play-System/out/vcpkg_installed/x64-windows/include/absl/base/nullability.h
    ../../../Phigros-Auto-play-System/out/vcpkg_installed/x64-windows/include/absl/base/optimization.h
    ../../../Phigros-Auto-play-System/out/vcpkg_installed/x64-windows/include/absl/base/options.h
    ../../../Phigros-Auto-play-System/out/vcpkg_installed/x64-windows/include/absl/base/policy_checks.h
    ../../../Phigros-Auto-play-System/out/vcpkg_installed/x64-windows/include/absl/base/port.h
    ../../../Phigros-Auto-play-System/out/vcpkg_installed/x64-windows/include/absl/base/prefetch.h
    ../../../Phigros-Auto-play-System/out/vcpkg_installed/x64-windows/include/absl/base/thread_annotations.h
    ../../../Phigros-Auto-play-System/out/vcpkg_installed/x64-windows/include/absl/container/btree_map.h
    ../../../Phigros-Auto-play-System/out/vcpkg_installed/x64-windows/include/absl/container/fixed_array.h
    ../../../Phigros-Auto-play-System/out/vcpkg_installed/x64-windows/include/absl/container/flat_hash_map.h
    ../../../Phigros-Auto-play-System/out/vcpkg_installed/x64-windows/include/absl/container/hash_container_defaults.h
    ../../../Phigros-Auto-play-System/out/vcpkg_installed/x64-windows/include/absl/container/inlined_vector.h
    ../../../Phigros-Auto-play-System/out/vcpkg_installed/x64-windows/include/absl/container/internal/btree.h
    ../../../Phigros-Auto-play-System/out/vcpkg_installed/x64-windows/include/absl/container/internal/btree_container.h
    ../../../Phigros-Auto-play-System/out/vcpkg_installed/x64-windows/include/absl/container/internal/common.h
    ../../../Phigros-Auto-play-System/out/vcpkg_installed/x64-windows/include/absl/container/internal/common_policy_traits.h
    ../../../Phigros-Auto-play-System/out/vcpkg_installed/x64-windows/include/absl/container/internal/compressed_tuple.h
    ../../../Phigros-Auto-play-System/out/vcpkg_installed/x64-windows/include/absl/container/internal/container_memory.h
    ../../../Phigros-Auto-play-System/out/vcpkg_installed/x64-windows/include/absl/container/internal/hash_function_defaults.h
    ../../../Phigros-Auto-play-System/out/vcpkg_installed/x64-windows/include/absl/container/internal/hash_policy_traits.h
    ../../../Phigros-Auto-play-System/out/vcpkg_installed/x64-windows/include/absl/container/internal/hashtable_control_bytes.h
    ../../../Phigros-Auto-play-System/out/vcpkg_installed/x64-windows/include/absl/container/internal/hashtable_debug_hooks.h
    ../../../Phigros-Auto-play-System/out/vcpkg_installed/x64-windows/include/absl/container/internal/hashtablez_sampler.h
    ../../../Phigros-Auto-play-System/out/vcpkg_installed/x64-windows/include/absl/container/internal/inlined_vector.h
    ../../../Phigros-Auto-play-System/out/vcpkg_installed/x64-windows/include/absl/container/internal/layout.h
    ../../../Phigros-Auto-play-System/out/vcpkg_installed/x64-windows/include/absl/container/internal/raw_hash_map.h
    ../../../Phigros-Auto-play-System/out/vcpkg_installed/x64-windows/include/absl/container/internal/raw_hash_set.h
    ../../../Phigros-Auto-play-System/out/vcpkg_installed/x64-windows/include/absl/crc/crc32c.h
    ../../../Phigros-Auto-play-System/out/vcpkg_installed/x64-windows/include/absl/crc/internal/crc32_x86_arm_combined_simd.h
    ../../../Phigros-Auto-play-System/out/vcpkg_installed/x64-windows/include/absl/crc/internal/crc32c_inline.h
    ../../../Phigros-Auto-play-System/out/vcpkg_installed/x64-windows/include/absl/crc/internal/crc_cord_state.h
    ../../../Phigros-Auto-play-System/out/vcpkg_installed/x64-windows/include/absl/debugging/internal/demangle.h
    ../../../Phigros-Auto-play-System/out/vcpkg_installed/x64-windows/include/absl/functional/any_invocable.h
    ../../../Phigros-Auto-play-System/out/vcpkg_installed/x64-windows/include/absl/functional/function_ref.h
    ../../../Phigros-Auto-play-System/out/vcpkg_installed/x64-windows/include/absl/functional/internal/any_invocable.h
    ../../../Phigros-Auto-play-System/out/vcpkg_installed/x64-windows/include/absl/functional/internal/function_ref.h
    ../../../Phigros-Auto-play-System/out/vcpkg_installed/x64-windows/include/absl/hash/hash.h
    ../../../Phigros-Auto-play-System/out/vcpkg_installed/x64-windows/include/absl/hash/internal/city.h
    ../../../Phigros-Auto-play-System/out/vcpkg_installed/x64-windows/include/absl/hash/internal/hash.h
    ../../../Phigros-Auto-play-System/out/vcpkg_installed/x64-windows/include/absl/hash/internal/weakly_mixed_integer.h
    ../../../Phigros-Auto-play-System/out/vcpkg_installed/x64-windows/include/absl/log/absl_check.h
    ../../../Phigros-Auto-play-System/out/vcpkg_installed/x64-windows/include/absl/log/absl_log.h
    ../../../Phigros-Auto-play-System/out/vcpkg_installed/x64-windows/include/absl/log/absl_vlog_is_on.h
    ../../../Phigros-Auto-play-System/out/vcpkg_installed/x64-windows/include/absl/log/internal/check_impl.h
    ../../../Phigros-Auto-play-System/out/vcpkg_installed/x64-windows/include/absl/log/internal/check_op.h
    ../../../Phigros-Auto-play-System/out/vcpkg_installed/x64-windows/include/absl/log/internal/conditions.h
    ../../../Phigros-Auto-play-System/out/vcpkg_installed/x64-windows/include/absl/log/internal/config.h
    ../../../Phigros-Auto-play-System/out/vcpkg_installed/x64-windows/include/absl/log/internal/log_impl.h
    ../../../Phigros-Auto-play-System/out/vcpkg_installed/x64-windows/include/absl/log/internal/log_message.h
    ../../../Phigros-Auto-play-System/out/vcpkg_installed/x64-windows/include/absl/log/internal/nullguard.h
    ../../../Phigros-Auto-play-System/out/vcpkg_installed/x64-windows/include/absl/log/internal/nullstream.h
    ../../../Phigros-Auto-play-System/out/vcpkg_installed/x64-windows/include/absl/log/internal/proto.h
    ../../../Phigros-Auto-play-System/out/vcpkg_installed/x64-windows/include/absl/log/internal/strip.h
    ../../../Phigros-Auto-play-System/out/vcpkg_installed/x64-windows/include/absl/log/internal/structured_proto.h
    ../../../Phigros-Auto-play-System/out/vcpkg_installed/x64-windows/include/absl/log/internal/vlog_config.h
    ../../../Phigros-Auto-play-System/out/vcpkg_installed/x64-windows/include/absl/log/internal/voidify.h
    ../../../Phigros-Auto-play-System/out/vcpkg_installed/x64-windows/include/absl/log/log_entry.h
    ../../../Phigros-Auto-play-System/out/vcpkg_installed/x64-windows/include/absl/log/log_sink.h
    ../../../Phigros-Auto-play-System/out/vcpkg_installed/x64-windows/include/absl/memory/memory.h
    ../../../Phigros-Auto-play-System/out/vcpkg_installed/x64-windows/include/absl/meta/type_traits.h
    ../../../Phigros-Auto-play-System/out/vcpkg_installed/x64-windows/include/absl/numeric/bits.h
    ../../../Phigros-Auto-play-System/out/vcpkg_installed/x64-windows/include/absl/numeric/int128.h
    ../../../Phigros-Auto-play-System/out/vcpkg_installed/x64-windows/include/absl/numeric/int128_no_intrinsic.inc
    ../../../Phigros-Auto-play-System/out/vcpkg_installed/x64-windows/include/absl/numeric/internal/bits.h
    ../../../Phigros-Auto-play-System/out/vcpkg_installed/x64-windows/include/absl/profiling/internal/sample_recorder.h
    ../../../Phigros-Auto-play-System/out/vcpkg_installed/x64-windows/include/absl/status/internal/status_internal.h
    ../../../Phigros-Auto-play-System/out/vcpkg_installed/x64-windows/include/absl/status/internal/statusor_internal.h
    ../../../Phigros-Auto-play-System/out/vcpkg_installed/x64-windows/include/absl/status/status.h
    ../../../Phigros-Auto-play-System/out/vcpkg_installed/x64-windows/include/absl/status/statusor.h
    ../../../Phigros-Auto-play-System/out/vcpkg_installed/x64-windows/include/absl/strings/cord.h
    ../../../Phigros-Auto-play-System/out/vcpkg_installed/x64-windows/include/absl/strings/cord_analysis.h
    ../../../Phigros-Auto-play-System/out/vcpkg_installed/x64-windows/include/absl/strings/cord_buffer.h
    ../../../Phigros-Auto-play-System/out/vcpkg_installed/x64-windows/include/absl/strings/has_absl_stringify.h
    ../../../Phigros-Auto-play-System/out/vcpkg_installed/x64-windows/include/absl/strings/has_ostream_operator.h
    ../../../Phigros-Auto-play-System/out/vcpkg_installed/x64-windows/include/absl/strings/internal/cord_data_edge.h
    ../../../Phigros-Auto-play-System/out/vcpkg_installed/x64-windows/include/absl/strings/internal/cord_internal.h
    ../../../Phigros-Auto-play-System/out/vcpkg_installed/x64-windows/include/absl/strings/internal/cord_rep_btree.h
    ../../../Phigros-Auto-play-System/out/vcpkg_installed/x64-windows/include/absl/strings/internal/cord_rep_btree_navigator.h
    ../../../Phigros-Auto-play-System/out/vcpkg_installed/x64-windows/include/absl/strings/internal/cord_rep_btree_reader.h
    ../../../Phigros-Auto-play-System/out/vcpkg_installed/x64-windows/include/absl/strings/internal/cord_rep_crc.h
    ../../../Phigros-Auto-play-System/out/vcpkg_installed/x64-windows/include/absl/strings/internal/cord_rep_flat.h
    ../../../Phigros-Auto-play-System/out/vcpkg_installed/x64-windows/include/absl/strings/internal/cordz_functions.h
    ../../../Phigros-Auto-play-System/out/vcpkg_installed/x64-windows/include/absl/strings/internal/cordz_handle.h
    ../../../Phigros-Auto-play-System/out/vcpkg_installed/x64-windows/include/absl/strings/internal/cordz_info.h
    ../../../Phigros-Auto-play-System/out/vcpkg_installed/x64-windows/include/absl/strings/internal/cordz_statistics.h
    ../../../Phigros-Auto-play-System/out/vcpkg_installed/x64-windows/include/absl/strings/internal/cordz_update_scope.h
    ../../../Phigros-Auto-play-System/out/vcpkg_installed/x64-windows/include/absl/strings/internal/cordz_update_tracker.h
    ../../../Phigros-Auto-play-System/out/vcpkg_installed/x64-windows/include/absl/strings/internal/resize_uninitialized.h
    ../../../Phigros-Auto-play-System/out/vcpkg_installed/x64-windows/include/absl/strings/internal/str_format/arg.h
    ../../../Phigros-Auto-play-System/out/vcpkg_installed/x64-windows/include/absl/strings/internal/str_format/bind.h
    ../../../Phigros-Auto-play-System/out/vcpkg_installed/x64-windows/include/absl/strings/internal/str_format/checker.h
    ../../../Phigros-Auto-play-System/out/vcpkg_installed/x64-windows/include/absl/strings/internal/str_format/constexpr_parser.h
    ../../../Phigros-Auto-play-System/out/vcpkg_installed/x64-windows/include/absl/strings/internal/str_format/extension.h
    ../../../Phigros-Auto-play-System/out/vcpkg_installed/x64-windows/include/absl/strings/internal/str_format/output.h
    ../../../Phigros-Auto-play-System/out/vcpkg_installed/x64-windows/include/absl/strings/internal/str_format/parser.h
    ../../../Phigros-Auto-play-System/out/vcpkg_installed/x64-windows/include/absl/strings/internal/string_constant.h
    ../../../Phigros-Auto-play-System/out/vcpkg_installed/x64-windows/include/absl/strings/internal/stringify_sink.h
    ../../../Phigros-Auto-play-System/out/vcpkg_installed/x64-windows/include/absl/strings/numbers.h
    ../../../Phigros-Auto-play-System/out/vcpkg_installed/x64-windows/include/absl/strings/resize_and_overwrite.h
    ../../../Phigros-Auto-play-System/out/vcpkg_installed/x64-windows/include/absl/strings/str_cat.h
    ../../../Phigros-Auto-play-System/out/vcpkg_installed/x64-windows/include/absl/strings/str_format.h
    ../../../Phigros-Auto-play-System/out/vcpkg_installed/x64-windows/include/absl/strings/string_view.h
    ../../../Phigros-Auto-play-System/out/vcpkg_installed/x64-windows/include/absl/synchronization/internal/create_thread_identity.h
    ../../../Phigros-Auto-play-System/out/vcpkg_installed/x64-windows/include/absl/synchronization/internal/kernel_timeout.h
    ../../../Phigros-Auto-play-System/out/vcpkg_installed/x64-windows/include/absl/synchronization/internal/per_thread_sem.h
    ../../../Phigros-Auto-play-System/out/vcpkg_installed/x64-windows/include/absl/synchronization/mutex.h
    ../../../Phigros-Auto-play-System/out/vcpkg_installed/x64-windows/include/absl/time/civil_time.h
    ../../../Phigros-Auto-play-System/out/vcpkg_installed/x64-windows/include/absl/time/clock.h
    ../../../Phigros-Auto-play-System/out/vcpkg_installed/x64-windows/include/absl/time/internal/cctz/include/cctz/civil_time.h
    ../../../Phigros-Auto-play-System/out/vcpkg_installed/x64-windows/include/absl/time/internal/cctz/include/cctz/civil_time_detail.h
    ../../../Phigros-Auto-play-System/out/vcpkg_installed/x64-windows/include/absl/time/internal/cctz/include/cctz/time_zone.h
    ../../../Phigros-Auto-play-System/out/vcpkg_installed/x64-windows/include/absl/time/time.h
    ../../../Phigros-Auto-play-System/out/vcpkg_installed/x64-windows/include/absl/types/compare.h
    ../../../Phigros-Auto-play-System/out/vcpkg_installed/x64-windows/include/absl/types/internal/span.h
    ../../../Phigros-Auto-play-System/out/vcpkg_installed/x64-windows/include/absl/types/optional.h
    ../../../Phigros-Auto-play-System/out/vcpkg_installed/x64-windows/include/absl/types/span.h
    ../../../Phigros-Auto-play-System/out/vcpkg_installed/x64-windows/include/absl/types/variant.h
    ../../../Phigros-Auto-play-System/out/vcpkg_installed/x64-windows/include/absl/utility/utility.h
    ../../../Phigros-Auto-play-System/out/vcpkg_installed/x64-windows/include/google/protobuf/any.h
    ../../../Phigros-Auto-play-System/out/vcpkg_installed/x64-windows/include/google/protobuf/any.pb.h
    ../../../Phigros-Auto-play-System/out/vcpkg_installed/x64-windows/include/google/protobuf/arena.h
    ../../../Phigros-Auto-play-System/out/vcpkg_installed/x64-windows/include/google/protobuf/arena_align.h
    ../../../Phigros-Auto-play-System/out/vcpkg_installed/x64-windows/include/google/protobuf/arena_allocation_policy.h
    ../../../Phigros-Auto-play-System/out/vcpkg_installed/x64-windows/include/google/protobuf/arena_cleanup.h
    ../../../Phigros-Auto-play-System/out/vcpkg_installed/x64-windows/include/google/protobuf/arenastring.h
    ../../../Phigros-Auto-play-System/out/vcpkg_installed/x64-windows/include/google/protobuf/arenaz_sampler.h
    ../../../Phigros-Auto-play-System/out/vcpkg_installed/x64-windows/include/google/protobuf/descriptor.h
    ../../../Phigros-Auto-play-System/out/vcpkg_installed/x64-windows/include/google/protobuf/descriptor.pb.h
    ../../../Phigros-Auto-play-System/out/vcpkg_installed/x64-windows/include/google/protobuf/descriptor_database.h
    ../../../Phigros-Auto-play-System/out/vcpkg_installed/x64-windows/include/google/protobuf/descriptor_lite.h
    ../../../Phigros-Auto-play-System/out/vcpkg_installed/x64-windows/include/google/protobuf/empty.pb.h
    ../../../Phigros-Auto-play-System/out/vcpkg_installed/x64-windows/include/google/protobuf/endian.h
    ../../../Phigros-Auto-play-System/out/vcpkg_installed/x64-windows/include/google/protobuf/explicitly_constructed.h
    ../../../Phigros-Auto-play-System/out/vcpkg_installed/x64-windows/include/google/protobuf/extension_set.h
    ../../../Phigros-Auto-play-System/out/vcpkg_installed/x64-windows/include/google/protobuf/generated_enum_reflection.h
    ../../../Phigros-Auto-play-System/out/vcpkg_installed/x64-windows/include/google/protobuf/generated_enum_util.h
    ../../../Phigros-Auto-play-System/out/vcpkg_installed/x64-windows/include/google/protobuf/generated_message_bases.h
    ../../../Phigros-Auto-play-System/out/vcpkg_installed/x64-windows/include/google/protobuf/generated_message_reflection.h
    ../../../Phigros-Auto-play-System/out/vcpkg_installed/x64-windows/include/google/protobuf/generated_message_tctable_decl.h
    ../../../Phigros-Auto-play-System/out/vcpkg_installed/x64-windows/include/google/protobuf/generated_message_util.h
    ../../../Phigros-Auto-play-System/out/vcpkg_installed/x64-windows/include/google/protobuf/has_bits.h
    ../../../Phigros-Auto-play-System/out/vcpkg_installed/x64-windows/include/google/protobuf/implicit_weak_message.h
    ../../../Phigros-Auto-play-System/out/vcpkg_installed/x64-windows/include/google/protobuf/inlined_string_field.h
    ../../../Phigros-Auto-play-System/out/vcpkg_installed/x64-windows/include/google/protobuf/internal_visibility.h
    ../../../Phigros-Auto-play-System/out/vcpkg_installed/x64-windows/include/google/protobuf/io/coded_stream.h
    ../../../Phigros-Auto-play-System/out/vcpkg_installed/x64-windows/include/google/protobuf/io/zero_copy_stream.h
    ../../../Phigros-Auto-play-System/out/vcpkg_installed/x64-windows/include/google/protobuf/io/zero_copy_stream_impl_lite.h
    ../../../Phigros-Auto-play-System/out/vcpkg_installed/x64-windows/include/google/protobuf/json/json.h
    ../../../Phigros-Auto-play-System/out/vcpkg_installed/x64-windows/include/google/protobuf/map.h
    ../../../Phigros-Auto-play-System/out/vcpkg_installed/x64-windows/include/google/protobuf/map_entry.h
    ../../../Phigros-Auto-play-System/out/vcpkg_installed/x64-windows/include/google/protobuf/map_field.h
    ../../../Phigros-Auto-play-System/out/vcpkg_installed/x64-windows/include/google/protobuf/map_type_handler.h
    ../../../Phigros-Auto-play-System/out/vcpkg_installed/x64-windows/include/google/protobuf/message.h
    ../../../Phigros-Auto-play-System/out/vcpkg_installed/x64-windows/include/google/protobuf/message_lite.h
    ../../../Phigros-Auto-play-System/out/vcpkg_installed/x64-windows/include/google/protobuf/metadata_lite.h
    ../../../Phigros-Auto-play-System/out/vcpkg_installed/x64-windows/include/google/protobuf/micro_string.h
    ../../../Phigros-Auto-play-System/out/vcpkg_installed/x64-windows/include/google/protobuf/os_macros_restore.inc
    ../../../Phigros-Auto-play-System/out/vcpkg_installed/x64-windows/include/google/protobuf/os_macros_undef.inc
    ../../../Phigros-Auto-play-System/out/vcpkg_installed/x64-windows/include/google/protobuf/parse_context.h
    ../../../Phigros-Auto-play-System/out/vcpkg_installed/x64-windows/include/google/protobuf/port.h
    ../../../Phigros-Auto-play-System/out/vcpkg_installed/x64-windows/include/google/protobuf/port_def.inc
    ../../../Phigros-Auto-play-System/out/vcpkg_installed/x64-windows/include/google/protobuf/port_undef.inc
    ../../../Phigros-Auto-play-System/out/vcpkg_installed/x64-windows/include/google/protobuf/reflection.h
    ../../../Phigros-Auto-play-System/out/vcpkg_installed/x64-windows/include/google/protobuf/repeated_field.h
    ../../../Phigros-Auto-play-System/out/vcpkg_installed/x64-windows/include/google/protobuf/repeated_ptr_field.h
    ../../../Phigros-Auto-play-System/out/vcpkg_installed/x64-windows/include/google/protobuf/runtime_version.h
    ../../../Phigros-Auto-play-System/out/vcpkg_installed/x64-windows/include/google/protobuf/serial_arena.h
    ../../../Phigros-Auto-play-System/out/vcpkg_installed/x64-windows/include/google/protobuf/source_context.pb.h
    ../../../Phigros-Auto-play-System/out/vcpkg_installed/x64-windows/include/google/protobuf/string_block.h
    ../../../Phigros-Auto-play-System/out/vcpkg_installed/x64-windows/include/google/protobuf/stubs/common.h
    ../../../Phigros-Auto-play-System/out/vcpkg_installed/x64-windows/include/google/protobuf/stubs/platform_macros.h
    ../../../Phigros-Auto-play-System/out/vcpkg_installed/x64-windows/include/google/protobuf/stubs/port.h
    ../../../Phigros-Auto-play-System/out/vcpkg_installed/x64-windows/include/google/protobuf/thread_safe_arena.h
    ../../../Phigros-Auto-play-System/out/vcpkg_installed/x64-windows/include/google/protobuf/type.pb.h
    ../../../Phigros-Auto-play-System/out/vcpkg_installed/x64-windows/include/google/protobuf/unknown_field_set.h
    ../../../Phigros-Auto-play-System/out/vcpkg_installed/x64-windows/include/google/protobuf/util/json_util.h
    ../../../Phigros-Auto-play-System/out/vcpkg_installed/x64-windows/include/google/protobuf/util/type_resolver.h
    ../../../Phigros-Auto-play-System/out/vcpkg_installed/x64-windows/include/google/protobuf/util/type_resolver_util.h
    ../../../Phigros-Auto-play-System/out/vcpkg_installed/x64-windows/include/google/protobuf/wire_format_lite.h
    ../../../Phigros-Auto-play-System/out/vcpkg_installed/x64-windows/include/grpc/byte_buffer.h
    ../../../Phigros-Auto-play-System/out/vcpkg_installed/x64-windows/include/grpc/byte_buffer_reader.h
    ../../../Phigros-Auto-play-System/out/vcpkg_installed/x64-windows/include/grpc/compression.h
    ../../../Phigros-Auto-play-System/out/vcpkg_installed/x64-windows/include/grpc/context_types.h
    ../../../Phigros-Auto-play-System/out/vcpkg_installed/x64-windows/include/grpc/credentials.h
    ../../../Phigros-Auto-play-System/out/vcpkg_installed/x64-windows/include/grpc/event_engine/endpoint_config.h
    ../../../Phigros-Auto-play-System/out/vcpkg_installed/x64-windows/include/grpc/event_engine/event_engine.h
    ../../../Phigros-Auto-play-System/out/vcpkg_installed/x64-windows/include/grpc/event_engine/extensible.h
    ../../../Phigros-Auto-play-System/out/vcpkg_installed/x64-windows/include/grpc/event_engine/internal/memory_allocator_impl.h
    ../../../Phigros-Auto-play-System/out/vcpkg_installed/x64-windows/include/grpc/event_engine/internal/slice_cast.h
    ../../../Phigros-Auto-play-System/out/vcpkg_installed/x64-windows/include/grpc/event_engine/internal/write_event.h
    ../../../Phigros-Auto-play-System/out/vcpkg_installed/x64-windows/include/grpc/event_engine/memory_allocator.h
    ../../../Phigros-Auto-play-System/out/vcpkg_installed/x64-windows/include/grpc/event_engine/memory_request.h
    ../../../Phigros-Auto-play-System/out/vcpkg_installed/x64-windows/include/grpc/event_engine/port.h
    ../../../Phigros-Auto-play-System/out/vcpkg_installed/x64-windows/include/grpc/event_engine/slice.h
    ../../../Phigros-Auto-play-System/out/vcpkg_installed/x64-windows/include/grpc/event_engine/slice_buffer.h
    ../../../Phigros-Auto-play-System/out/vcpkg_installed/x64-windows/include/grpc/grpc.h
    ../../../Phigros-Auto-play-System/out/vcpkg_installed/x64-windows/include/grpc/grpc_crl_provider.h
    ../../../Phigros-Auto-play-System/out/vcpkg_installed/x64-windows/include/grpc/grpc_security.h
    ../../../Phigros-Auto-play-System/out/vcpkg_installed/x64-windows/include/grpc/grpc_security_constants.h
    ../../../Phigros-Auto-play-System/out/vcpkg_installed/x64-windows/include/grpc/impl/call.h
    ../../../Phigros-Auto-play-System/out/vcpkg_installed/x64-windows/include/grpc/impl/channel_arg_names.h
    ../../../Phigros-Auto-play-System/out/vcpkg_installed/x64-windows/include/grpc/impl/codegen/gpr_types.h
    ../../../Phigros-Auto-play-System/out/vcpkg_installed/x64-windows/include/grpc/impl/codegen/port_platform.h
    ../../../Phigros-Auto-play-System/out/vcpkg_installed/x64-windows/include/grpc/impl/codegen/slice.h
    ../../../Phigros-Auto-play-System/out/vcpkg_installed/x64-windows/include/grpc/impl/compression_types.h
    ../../../Phigros-Auto-play-System/out/vcpkg_installed/x64-windows/include/grpc/impl/connectivity_state.h
    ../../../Phigros-Auto-play-System/out/vcpkg_installed/x64-windows/include/grpc/impl/grpc_types.h
    ../../../Phigros-Auto-play-System/out/vcpkg_installed/x64-windows/include/grpc/impl/propagation_bits.h
    ../../../Phigros-Auto-play-System/out/vcpkg_installed/x64-windows/include/grpc/impl/slice_type.h
    ../../../Phigros-Auto-play-System/out/vcpkg_installed/x64-windows/include/grpc/passive_listener.h
    ../../../Phigros-Auto-play-System/out/vcpkg_installed/x64-windows/include/grpc/private_key_signer.h
    ../../../Phigros-Auto-play-System/out/vcpkg_installed/x64-windows/include/grpc/slice.h
    ../../../Phigros-Auto-play-System/out/vcpkg_installed/x64-windows/include/grpc/slice_buffer.h
    ../../../Phigros-Auto-play-System/out/vcpkg_installed/x64-windows/include/grpc/status.h
    ../../../Phigros-Auto-play-System/out/vcpkg_installed/x64-windows/include/grpc/support/alloc.h
    ../../../Phigros-Auto-play-System/out/vcpkg_installed/x64-windows/include/grpc/support/atm.h
    ../../../Phigros-Auto-play-System/out/vcpkg_installed/x64-windows/include/grpc/support/atm_windows.h
    ../../../Phigros-Auto-play-System/out/vcpkg_installed/x64-windows/include/grpc/support/cpu.h
    ../../../Phigros-Auto-play-System/out/vcpkg_installed/x64-windows/include/grpc/support/port_platform.h
    ../../../Phigros-Auto-play-System/out/vcpkg_installed/x64-windows/include/grpc/support/sync.h
    ../../../Phigros-Auto-play-System/out/vcpkg_installed/x64-windows/include/grpc/support/sync_abseil.h
    ../../../Phigros-Auto-play-System/out/vcpkg_installed/x64-windows/include/grpc/support/sync_generic.h
    ../../../Phigros-Auto-play-System/out/vcpkg_installed/x64-windows/include/grpc/support/time.h
    ../../../Phigros-Auto-play-System/out/vcpkg_installed/x64-windows/include/grpc/support/workaround_list.h
    ../../../Phigros-Auto-play-System/out/vcpkg_installed/x64-windows/include/grpcpp/call_context_types.h
    ../../../Phigros-Auto-play-System/out/vcpkg_installed/x64-windows/include/grpcpp/channel.h
    ../../../Phigros-Auto-play-System/out/vcpkg_installed/x64-windows/include/grpcpp/client_context.h
    ../../../Phigros-Auto-play-System/out/vcpkg_installed/x64-windows/include/grpcpp/completion_queue.h
    ../../../Phigros-Auto-play-System/out/vcpkg_installed/x64-windows/include/grpcpp/create_channel.h
    ../../../Phigros-Auto-play-System/out/vcpkg_installed/x64-windows/include/grpcpp/create_channel_posix.h
    ../../../Phigros-Auto-play-System/out/vcpkg_installed/x64-windows/include/grpcpp/generic/async_generic_service.h
    ../../../Phigros-Auto-play-System/out/vcpkg_installed/x64-windows/include/grpcpp/generic/callback_generic_service.h
    ../../../Phigros-Auto-play-System/out/vcpkg_installed/x64-windows/include/grpcpp/grpcpp.h
    ../../../Phigros-Auto-play-System/out/vcpkg_installed/x64-windows/include/grpcpp/health_check_service_interface.h
    ../../../Phigros-Auto-play-System/out/vcpkg_installed/x64-windows/include/grpcpp/impl/allowed_call_context_types.h
    ../../../Phigros-Auto-play-System/out/vcpkg_installed/x64-windows/include/grpcpp/impl/call.h
    ../../../Phigros-Auto-play-System/out/vcpkg_installed/x64-windows/include/grpcpp/impl/call_context_registry.h
    ../../../Phigros-Auto-play-System/out/vcpkg_installed/x64-windows/include/grpcpp/impl/call_op_set.h
    ../../../Phigros-Auto-play-System/out/vcpkg_installed/x64-windows/include/grpcpp/impl/call_op_set_interface.h
    ../../../Phigros-Auto-play-System/out/vcpkg_installed/x64-windows/include/grpcpp/impl/channel_argument_option.h
    ../../../Phigros-Auto-play-System/out/vcpkg_installed/x64-windows/include/grpcpp/impl/channel_interface.h
    ../../../Phigros-Auto-play-System/out/vcpkg_installed/x64-windows/include/grpcpp/impl/codegen/channel_interface.h
    ../../../Phigros-Auto-play-System/out/vcpkg_installed/x64-windows/include/grpcpp/impl/codegen/config.h
    ../../../Phigros-Auto-play-System/out/vcpkg_installed/x64-windows/include/grpcpp/impl/codegen/config_protobuf.h
    ../../../Phigros-Auto-play-System/out/vcpkg_installed/x64-windows/include/grpcpp/impl/codegen/create_auth_context.h
    ../../../Phigros-Auto-play-System/out/vcpkg_installed/x64-windows/include/grpcpp/impl/codegen/intercepted_channel.h
    ../../../Phigros-Auto-play-System/out/vcpkg_installed/x64-windows/include/grpcpp/impl/codegen/interceptor_common.h
    ../../../Phigros-Auto-play-System/out/vcpkg_installed/x64-windows/include/grpcpp/impl/codegen/metadata_map.h
    ../../../Phigros-Auto-play-System/out/vcpkg_installed/x64-windows/include/grpcpp/impl/codegen/rpc_service_method.h
    ../../../Phigros-Auto-play-System/out/vcpkg_installed/x64-windows/include/grpcpp/impl/codegen/sync.h
    ../../../Phigros-Auto-play-System/out/vcpkg_installed/x64-windows/include/grpcpp/impl/codegen/time.h
    ../../../Phigros-Auto-play-System/out/vcpkg_installed/x64-windows/include/grpcpp/impl/completion_queue_tag.h
    ../../../Phigros-Auto-play-System/out/vcpkg_installed/x64-windows/include/grpcpp/impl/create_auth_context.h
    ../../../Phigros-Auto-play-System/out/vcpkg_installed/x64-windows/include/grpcpp/impl/generic_serialize.h
    ../../../Phigros-Auto-play-System/out/vcpkg_installed/x64-windows/include/grpcpp/impl/grpc_library.h
    ../../../Phigros-Auto-play-System/out/vcpkg_installed/x64-windows/include/grpcpp/impl/intercepted_channel.h
    ../../../Phigros-Auto-play-System/out/vcpkg_installed/x64-windows/include/grpcpp/impl/interceptor_common.h
    ../../../Phigros-Auto-play-System/out/vcpkg_installed/x64-windows/include/grpcpp/impl/metadata_map.h
    ../../../Phigros-Auto-play-System/out/vcpkg_installed/x64-windows/include/grpcpp/impl/proto_utils.h
    ../../../Phigros-Auto-play-System/out/vcpkg_installed/x64-windows/include/grpcpp/impl/rpc_method.h
    ../../../Phigros-Auto-play-System/out/vcpkg_installed/x64-windows/include/grpcpp/impl/rpc_service_method.h
    ../../../Phigros-Auto-play-System/out/vcpkg_installed/x64-windows/include/grpcpp/impl/serialization_traits.h
    ../../../Phigros-Auto-play-System/out/vcpkg_installed/x64-windows/include/grpcpp/impl/server_builder_option.h
    ../../../Phigros-Auto-play-System/out/vcpkg_installed/x64-windows/include/grpcpp/impl/server_builder_plugin.h
    ../../../Phigros-Auto-play-System/out/vcpkg_installed/x64-windows/include/grpcpp/impl/server_callback_handlers.h
    ../../../Phigros-Auto-play-System/out/vcpkg_installed/x64-windows/include/grpcpp/impl/service_type.h
    ../../../Phigros-Auto-play-System/out/vcpkg_installed/x64-windows/include/grpcpp/impl/status.h
    ../../../Phigros-Auto-play-System/out/vcpkg_installed/x64-windows/include/grpcpp/impl/sync.h
    ../../../Phigros-Auto-play-System/out/vcpkg_installed/x64-windows/include/grpcpp/passive_listener.h
    ../../../Phigros-Auto-play-System/out/vcpkg_installed/x64-windows/include/grpcpp/ports_def.inc
    ../../../Phigros-Auto-play-System/out/vcpkg_installed/x64-windows/include/grpcpp/ports_undef.inc
    ../../../Phigros-Auto-play-System/out/vcpkg_installed/x64-windows/include/grpcpp/resource_quota.h
    ../../../Phigros-Auto-play-System/out/vcpkg_installed/x64-windows/include/grpcpp/security/auth_context.h
    ../../../Phigros-Auto-play-System/out/vcpkg_installed/x64-windows/include/grpcpp/security/auth_metadata_processor.h
    ../../../Phigros-Auto-play-System/out/vcpkg_installed/x64-windows/include/grpcpp/security/authorization_policy_provider.h
    ../../../Phigros-Auto-play-System/out/vcpkg_installed/x64-windows/include/grpcpp/security/credentials.h
    ../../../Phigros-Auto-play-System/out/vcpkg_installed/x64-windows/include/grpcpp/security/server_credentials.h
    ../../../Phigros-Auto-play-System/out/vcpkg_installed/x64-windows/include/grpcpp/security/tls_certificate_provider.h
    ../../../Phigros-Auto-play-System/out/vcpkg_installed/x64-windows/include/grpcpp/security/tls_certificate_verifier.h
    ../../../Phigros-Auto-play-System/out/vcpkg_installed/x64-windows/include/grpcpp/security/tls_credentials_options.h
    ../../../Phigros-Auto-play-System/out/vcpkg_installed/x64-windows/include/grpcpp/security/tls_crl_provider.h
    ../../../Phigros-Auto-play-System/out/vcpkg_installed/x64-windows/include/grpcpp/security/tls_private_key_signer.h
    ../../../Phigros-Auto-play-System/out/vcpkg_installed/x64-windows/include/grpcpp/server.h
    ../../../Phigros-Auto-play-System/out/vcpkg_installed/x64-windows/include/grpcpp/server_builder.h
    ../../../Phigros-Auto-play-System/out/vcpkg_installed/x64-windows/include/grpcpp/server_context.h
    ../../../Phigros-Auto-play-System/out/vcpkg_installed/x64-windows/include/grpcpp/server_interface.h
    ../../../Phigros-Auto-play-System/out/vcpkg_installed/x64-windows/include/grpcpp/server_posix.h
    ../../../Phigros-Auto-play-System/out/vcpkg_installed/x64-windows/include/grpcpp/support/async_stream.h
    ../../../Phigros-Auto-play-System/out/vcpkg_installed/x64-windows/include/grpcpp/support/async_unary_call.h
    ../../../Phigros-Auto-play-System/out/vcpkg_installed/x64-windows/include/grpcpp/support/byte_buffer.h
    ../../../Phigros-Auto-play-System/out/vcpkg_installed/x64-windows/include/grpcpp/support/callback_common.h
    ../../../Phigros-Auto-play-System/out/vcpkg_installed/x64-windows/include/grpcpp/support/channel_arguments.h
    ../../../Phigros-Auto-play-System/out/vcpkg_installed/x64-windows/include/grpcpp/support/client_callback.h
    ../../../Phigros-Auto-play-System/out/vcpkg_installed/x64-windows/include/grpcpp/support/client_interceptor.h
    ../../../Phigros-Auto-play-System/out/vcpkg_installed/x64-windows/include/grpcpp/support/config.h
    ../../../Phigros-Auto-play-System/out/vcpkg_installed/x64-windows/include/grpcpp/support/global_callback_hook.h
    ../../../Phigros-Auto-play-System/out/vcpkg_installed/x64-windows/include/grpcpp/support/interceptor.h
    ../../../Phigros-Auto-play-System/out/vcpkg_installed/x64-windows/include/grpcpp/support/message_allocator.h
    ../../../Phigros-Auto-play-System/out/vcpkg_installed/x64-windows/include/grpcpp/support/method_handler.h
    ../../../Phigros-Auto-play-System/out/vcpkg_installed/x64-windows/include/grpcpp/support/proto_buffer_reader.h
    ../../../Phigros-Auto-play-System/out/vcpkg_installed/x64-windows/include/grpcpp/support/proto_buffer_writer.h
    ../../../Phigros-Auto-play-System/out/vcpkg_installed/x64-windows/include/grpcpp/support/server_callback.h
    ../../../Phigros-Auto-play-System/out/vcpkg_installed/x64-windows/include/grpcpp/support/server_interceptor.h
    ../../../Phigros-Auto-play-System/out/vcpkg_installed/x64-windows/include/grpcpp/support/slice.h
    ../../../Phigros-Auto-play-System/out/vcpkg_installed/x64-windows/include/grpcpp/support/status.h
    ../../../Phigros-Auto-play-System/out/vcpkg_installed/x64-windows/include/grpcpp/support/status_code_enum.h
    ../../../Phigros-Auto-play-System/out/vcpkg_installed/x64-windows/include/grpcpp/support/string_ref.h
    ../../../Phigros-Auto-play-System/out/vcpkg_installed/x64-windows/include/grpcpp/support/stub_options.h
    ../../../Phigros-Auto-play-System/out/vcpkg_installed/x64-windows/include/grpcpp/support/sync_stream.h
    ../../../Phigros-Auto-play-System/out/vcpkg_installed/x64-windows/include/grpcpp/support/time.h
    ../../../Phigros-Auto-play-System/out/vcpkg_installed/x64-windows/include/grpcpp/version_info.h
    ../../../Phigros-Auto-play-System/out/vcpkg_installed/x64-windows/include/nlohmann/adl_serializer.hpp
    ../../../Phigros-Auto-play-System/out/vcpkg_installed/x64-windows/include/nlohmann/byte_container_with_subtype.hpp
    ../../../Phigros-Auto-play-System/out/vcpkg_installed/x64-windows/include/nlohmann/detail/abi_macros.hpp
    ../../../Phigros-Auto-play-System/out/vcpkg_installed/x64-windows/include/nlohmann/detail/conversions/from_json.hpp
    ../../../Phigros-Auto-play-System/out/vcpkg_installed/x64-windows/include/nlohmann/detail/conversions/to_chars.hpp
    ../../../Phigros-Auto-play-System/out/vcpkg_installed/x64-windows/include/nlohmann/detail/conversions/to_json.hpp
    ../../../Phigros-Auto-play-System/out/vcpkg_installed/x64-windows/include/nlohmann/detail/exceptions.hpp
    ../../../Phigros-Auto-play-System/out/vcpkg_installed/x64-windows/include/nlohmann/detail/hash.hpp
    ../../../Phigros-Auto-play-System/out/vcpkg_installed/x64-windows/include/nlohmann/detail/input/binary_reader.hpp
    ../../../Phigros-Auto-play-System/out/vcpkg_installed/x64-windows/include/nlohmann/detail/input/input_adapters.hpp
    ../../../Phigros-Auto-play-System/out/vcpkg_installed/x64-windows/include/nlohmann/detail/input/json_sax.hpp
    ../../../Phigros-Auto-play-System/out/vcpkg_installed/x64-windows/include/nlohmann/detail/input/lexer.hpp
    ../../../Phigros-Auto-play-System/out/vcpkg_installed/x64-windows/include/nlohmann/detail/input/parser.hpp
    ../../../Phigros-Auto-play-System/out/vcpkg_installed/x64-windows/include/nlohmann/detail/input/position_t.hpp
    ../../../Phigros-Auto-play-System/out/vcpkg_installed/x64-windows/include/nlohmann/detail/iterators/internal_iterator.hpp
    ../../../Phigros-Auto-play-System/out/vcpkg_installed/x64-windows/include/nlohmann/detail/iterators/iter_impl.hpp
    ../../../Phigros-Auto-play-System/out/vcpkg_installed/x64-windows/include/nlohmann/detail/iterators/iteration_proxy.hpp
    ../../../Phigros-Auto-play-System/out/vcpkg_installed/x64-windows/include/nlohmann/detail/iterators/iterator_traits.hpp
    ../../../Phigros-Auto-play-System/out/vcpkg_installed/x64-windows/include/nlohmann/detail/iterators/json_reverse_iterator.hpp
    ../../../Phigros-Auto-play-System/out/vcpkg_installed/x64-windows/include/nlohmann/detail/iterators/primitive_iterator.hpp
    ../../../Phigros-Auto-play-System/out/vcpkg_installed/x64-windows/include/nlohmann/detail/json_custom_base_class.hpp
    ../../../Phigros-Auto-play-System/out/vcpkg_installed/x64-windows/include/nlohmann/detail/json_pointer.hpp
    ../../../Phigros-Auto-play-System/out/vcpkg_installed/x64-windows/include/nlohmann/detail/json_ref.hpp
    ../../../Phigros-Auto-play-System/out/vcpkg_installed/x64-windows/include/nlohmann/detail/macro_scope.hpp
    ../../../Phigros-Auto-play-System/out/vcpkg_installed/x64-windows/include/nlohmann/detail/macro_unscope.hpp
    ../../../Phigros-Auto-play-System/out/vcpkg_installed/x64-windows/include/nlohmann/detail/meta/call_std/begin.hpp
    ../../../Phigros-Auto-play-System/out/vcpkg_installed/x64-windows/include/nlohmann/detail/meta/call_std/end.hpp
    ../../../Phigros-Auto-play-System/out/vcpkg_installed/x64-windows/include/nlohmann/detail/meta/cpp_future.hpp
    ../../../Phigros-Auto-play-System/out/vcpkg_installed/x64-windows/include/nlohmann/detail/meta/detected.hpp
    ../../../Phigros-Auto-play-System/out/vcpkg_installed/x64-windows/include/nlohmann/detail/meta/identity_tag.hpp
    ../../../Phigros-Auto-play-System/out/vcpkg_installed/x64-windows/include/nlohmann/detail/meta/is_sax.hpp
    ../../../Phigros-Auto-play-System/out/vcpkg_installed/x64-windows/include/nlohmann/detail/meta/std_fs.hpp
    ../../../Phigros-Auto-play-System/out/vcpkg_installed/x64-windows/include/nlohmann/detail/meta/type_traits.hpp
    ../../../Phigros-Auto-play-System/out/vcpkg_installed/x64-windows/include/nlohmann/detail/meta/void_t.hpp
    ../../../Phigros-Auto-play-System/out/vcpkg_installed/x64-windows/include/nlohmann/detail/output/binary_writer.hpp
    ../../../Phigros-Auto-play-System/out/vcpkg_installed/x64-windows/include/nlohmann/detail/output/output_adapters.hpp
    ../../../Phigros-Auto-play-System/out/vcpkg_installed/x64-windows/include/nlohmann/detail/output/serializer.hpp
    ../../../Phigros-Auto-play-System/out/vcpkg_installed/x64-windows/include/nlohmann/detail/string_concat.hpp
    ../../../Phigros-Auto-play-System/out/vcpkg_installed/x64-windows/include/nlohmann/detail/string_escape.hpp
    ../../../Phigros-Auto-play-System/out/vcpkg_installed/x64-windows/include/nlohmann/detail/string_utils.hpp
    ../../../Phigros-Auto-play-System/out/vcpkg_installed/x64-windows/include/nlohmann/detail/value_t.hpp
    ../../../Phigros-Auto-play-System/out/vcpkg_installed/x64-windows/include/nlohmann/json.hpp
    ../../../Phigros-Auto-play-System/out/vcpkg_installed/x64-windows/include/nlohmann/json_fwd.hpp
    ../../../Phigros-Auto-play-System/out/vcpkg_installed/x64-windows/include/nlohmann/ordered_map.hpp
    ../../../Phigros-Auto-play-System/out/vcpkg_installed/x64-windows/include/nlohmann/thirdparty/hedley/hedley.hpp
    ../../../Phigros-Auto-play-System/out/vcpkg_installed/x64-windows/include/nlohmann/thirdparty/hedley/hedley_undef.hpp
    ../../../Phigros-Auto-play-System/out/vcpkg_installed/x64-windows/include/utf8_range.h
    ../../../Phigros-Auto-play-System/out/vcpkg_installed/x64-windows/include/utf8_validity.h
    ../../include/pas/adb.hpp
    ../../include/pas/analysis.hpp
    ../../include/pas/config.hpp
    ../../include/pas/core.hpp
    ../../include/pas/emulator.hpp
    ../../include/pas/game.hpp
    ../../include/pas/game_dataset.hpp
    ../../include/pas/game_tracking.hpp
    ../../include/pas/game_tracking_shadow.hpp
    ../../include/pas/grpc_transport.hpp
    ../../include/pas/journal.hpp
    ../../include/pas/preview.hpp
    ../../include/pas/runtime.hpp
    ../../include/pas/strategy_version.hpp
    ../win-r4-ninja-release-01/generated/emulator_controller.grpc.pb.h
    ../win-r4-ninja-release-01/generated/emulator_controller.pb.h

CMakeFiles/own_bridge.dir/own_bridge.cpp.obj: #deps 50, deps mtime 8129903622853973 (VALID)
    ../../../Phigros-Auto-play-System/out/vcpkg_installed/x64-windows/include/nlohmann/adl_serializer.hpp
    ../../../Phigros-Auto-play-System/out/vcpkg_installed/x64-windows/include/nlohmann/byte_container_with_subtype.hpp
    ../../../Phigros-Auto-play-System/out/vcpkg_installed/x64-windows/include/nlohmann/detail/abi_macros.hpp
    ../../../Phigros-Auto-play-System/out/vcpkg_installed/x64-windows/include/nlohmann/detail/conversions/from_json.hpp
    ../../../Phigros-Auto-play-System/out/vcpkg_installed/x64-windows/include/nlohmann/detail/conversions/to_chars.hpp
    ../../../Phigros-Auto-play-System/out/vcpkg_installed/x64-windows/include/nlohmann/detail/conversions/to_json.hpp
    ../../../Phigros-Auto-play-System/out/vcpkg_installed/x64-windows/include/nlohmann/detail/exceptions.hpp
    ../../../Phigros-Auto-play-System/out/vcpkg_installed/x64-windows/include/nlohmann/detail/hash.hpp
    ../../../Phigros-Auto-play-System/out/vcpkg_installed/x64-windows/include/nlohmann/detail/input/binary_reader.hpp
    ../../../Phigros-Auto-play-System/out/vcpkg_installed/x64-windows/include/nlohmann/detail/input/input_adapters.hpp
    ../../../Phigros-Auto-play-System/out/vcpkg_installed/x64-windows/include/nlohmann/detail/input/json_sax.hpp
    ../../../Phigros-Auto-play-System/out/vcpkg_installed/x64-windows/include/nlohmann/detail/input/lexer.hpp
    ../../../Phigros-Auto-play-System/out/vcpkg_installed/x64-windows/include/nlohmann/detail/input/parser.hpp
    ../../../Phigros-Auto-play-System/out/vcpkg_installed/x64-windows/include/nlohmann/detail/input/position_t.hpp
    ../../../Phigros-Auto-play-System/out/vcpkg_installed/x64-windows/include/nlohmann/detail/iterators/internal_iterator.hpp
    ../../../Phigros-Auto-play-System/out/vcpkg_installed/x64-windows/include/nlohmann/detail/iterators/iter_impl.hpp
    ../../../Phigros-Auto-play-System/out/vcpkg_installed/x64-windows/include/nlohmann/detail/iterators/iteration_proxy.hpp
    ../../../Phigros-Auto-play-System/out/vcpkg_installed/x64-windows/include/nlohmann/detail/iterators/iterator_traits.hpp
    ../../../Phigros-Auto-play-System/out/vcpkg_installed/x64-windows/include/nlohmann/detail/iterators/json_reverse_iterator.hpp
    ../../../Phigros-Auto-play-System/out/vcpkg_installed/x64-windows/include/nlohmann/detail/iterators/primitive_iterator.hpp
    ../../../Phigros-Auto-play-System/out/vcpkg_installed/x64-windows/include/nlohmann/detail/json_custom_base_class.hpp
    ../../../Phigros-Auto-play-System/out/vcpkg_installed/x64-windows/include/nlohmann/detail/json_pointer.hpp
    ../../../Phigros-Auto-play-System/out/vcpkg_installed/x64-windows/include/nlohmann/detail/json_ref.hpp
    ../../../Phigros-Auto-play-System/out/vcpkg_installed/x64-windows/include/nlohmann/detail/macro_scope.hpp
    ../../../Phigros-Auto-play-System/out/vcpkg_installed/x64-windows/include/nlohmann/detail/macro_unscope.hpp
    ../../../Phigros-Auto-play-System/out/vcpkg_installed/x64-windows/include/nlohmann/detail/meta/call_std/begin.hpp
    ../../../Phigros-Auto-play-System/out/vcpkg_installed/x64-windows/include/nlohmann/detail/meta/call_std/end.hpp
    ../../../Phigros-Auto-play-System/out/vcpkg_installed/x64-windows/include/nlohmann/detail/meta/cpp_future.hpp
    ../../../Phigros-Auto-play-System/out/vcpkg_installed/x64-windows/include/nlohmann/detail/meta/detected.hpp
    ../../../Phigros-Auto-play-System/out/vcpkg_installed/x64-windows/include/nlohmann/detail/meta/identity_tag.hpp
    ../../../Phigros-Auto-play-System/out/vcpkg_installed/x64-windows/include/nlohmann/detail/meta/is_sax.hpp
    ../../../Phigros-Auto-play-System/out/vcpkg_installed/x64-windows/include/nlohmann/detail/meta/std_fs.hpp
    ../../../Phigros-Auto-play-System/out/vcpkg_installed/x64-windows/include/nlohmann/detail/meta/type_traits.hpp
    ../../../Phigros-Auto-play-System/out/vcpkg_installed/x64-windows/include/nlohmann/detail/meta/void_t.hpp
    ../../../Phigros-Auto-play-System/out/vcpkg_installed/x64-windows/include/nlohmann/detail/output/binary_writer.hpp
    ../../../Phigros-Auto-play-System/out/vcpkg_installed/x64-windows/include/nlohmann/detail/output/output_adapters.hpp
    ../../../Phigros-Auto-play-System/out/vcpkg_installed/x64-windows/include/nlohmann/detail/output/serializer.hpp
    ../../../Phigros-Auto-play-System/out/vcpkg_installed/x64-windows/include/nlohmann/detail/string_concat.hpp
    ../../../Phigros-Auto-play-System/out/vcpkg_installed/x64-windows/include/nlohmann/detail/string_escape.hpp
    ../../../Phigros-Auto-play-System/out/vcpkg_installed/x64-windows/include/nlohmann/detail/string_utils.hpp
    ../../../Phigros-Auto-play-System/out/vcpkg_installed/x64-windows/include/nlohmann/detail/value_t.hpp
    ../../../Phigros-Auto-play-System/out/vcpkg_installed/x64-windows/include/nlohmann/json.hpp
    ../../../Phigros-Auto-play-System/out/vcpkg_installed/x64-windows/include/nlohmann/json_fwd.hpp
    ../../../Phigros-Auto-play-System/out/vcpkg_installed/x64-windows/include/nlohmann/ordered_map.hpp
    ../../../Phigros-Auto-play-System/out/vcpkg_installed/x64-windows/include/nlohmann/thirdparty/hedley/hedley.hpp
    ../../../Phigros-Auto-play-System/out/vcpkg_installed/x64-windows/include/nlohmann/thirdparty/hedley/hedley_undef.hpp
    ../../include/pas/core.hpp
    ../../include/pas/game.hpp
    ../../research/bvi_cold_v3/bvi.hpp
    ../../research/prelive_current/own_bridge.hpp

CMakeFiles/current_front.dir/C_/Users/wurre/Desktop/PAS-zero-miss-r4-20261006/research/hold_front_current/front.cpp.obj: #deps 49, deps mtime 8129903635078593 (VALID)
    ../../../Phigros-Auto-play-System/out/vcpkg_installed/x64-windows/include/nlohmann/adl_serializer.hpp
    ../../../Phigros-Auto-play-System/out/vcpkg_installed/x64-windows/include/nlohmann/byte_container_with_subtype.hpp
    ../../../Phigros-Auto-play-System/out/vcpkg_installed/x64-windows/include/nlohmann/detail/abi_macros.hpp
    ../../../Phigros-Auto-play-System/out/vcpkg_installed/x64-windows/include/nlohmann/detail/conversions/from_json.hpp
    ../../../Phigros-Auto-play-System/out/vcpkg_installed/x64-windows/include/nlohmann/detail/conversions/to_chars.hpp
    ../../../Phigros-Auto-play-System/out/vcpkg_installed/x64-windows/include/nlohmann/detail/conversions/to_json.hpp
    ../../../Phigros-Auto-play-System/out/vcpkg_installed/x64-windows/include/nlohmann/detail/exceptions.hpp
    ../../../Phigros-Auto-play-System/out/vcpkg_installed/x64-windows/include/nlohmann/detail/hash.hpp
    ../../../Phigros-Auto-play-System/out/vcpkg_installed/x64-windows/include/nlohmann/detail/input/binary_reader.hpp
    ../../../Phigros-Auto-play-System/out/vcpkg_installed/x64-windows/include/nlohmann/detail/input/input_adapters.hpp
    ../../../Phigros-Auto-play-System/out/vcpkg_installed/x64-windows/include/nlohmann/detail/input/json_sax.hpp
    ../../../Phigros-Auto-play-System/out/vcpkg_installed/x64-windows/include/nlohmann/detail/input/lexer.hpp
    ../../../Phigros-Auto-play-System/out/vcpkg_installed/x64-windows/include/nlohmann/detail/input/parser.hpp
    ../../../Phigros-Auto-play-System/out/vcpkg_installed/x64-windows/include/nlohmann/detail/input/position_t.hpp
    ../../../Phigros-Auto-play-System/out/vcpkg_installed/x64-windows/include/nlohmann/detail/iterators/internal_iterator.hpp
    ../../../Phigros-Auto-play-System/out/vcpkg_installed/x64-windows/include/nlohmann/detail/iterators/iter_impl.hpp
    ../../../Phigros-Auto-play-System/out/vcpkg_installed/x64-windows/include/nlohmann/detail/iterators/iteration_proxy.hpp
    ../../../Phigros-Auto-play-System/out/vcpkg_installed/x64-windows/include/nlohmann/detail/iterators/iterator_traits.hpp
    ../../../Phigros-Auto-play-System/out/vcpkg_installed/x64-windows/include/nlohmann/detail/iterators/json_reverse_iterator.hpp
    ../../../Phigros-Auto-play-System/out/vcpkg_installed/x64-windows/include/nlohmann/detail/iterators/primitive_iterator.hpp
    ../../../Phigros-Auto-play-System/out/vcpkg_installed/x64-windows/include/nlohmann/detail/json_custom_base_class.hpp
    ../../../Phigros-Auto-play-System/out/vcpkg_installed/x64-windows/include/nlohmann/detail/json_pointer.hpp
    ../../../Phigros-Auto-play-System/out/vcpkg_installed/x64-windows/include/nlohmann/detail/json_ref.hpp
    ../../../Phigros-Auto-play-System/out/vcpkg_installed/x64-windows/include/nlohmann/detail/macro_scope.hpp
    ../../../Phigros-Auto-play-System/out/vcpkg_installed/x64-windows/include/nlohmann/detail/macro_unscope.hpp
    ../../../Phigros-Auto-play-System/out/vcpkg_installed/x64-windows/include/nlohmann/detail/meta/call_std/begin.hpp
    ../../../Phigros-Auto-play-System/out/vcpkg_installed/x64-windows/include/nlohmann/detail/meta/call_std/end.hpp
    ../../../Phigros-Auto-play-System/out/vcpkg_installed/x64-windows/include/nlohmann/detail/meta/cpp_future.hpp
    ../../../Phigros-Auto-play-System/out/vcpkg_installed/x64-windows/include/nlohmann/detail/meta/detected.hpp
    ../../../Phigros-Auto-play-System/out/vcpkg_installed/x64-windows/include/nlohmann/detail/meta/identity_tag.hpp
    ../../../Phigros-Auto-play-System/out/vcpkg_installed/x64-windows/include/nlohmann/detail/meta/is_sax.hpp
    ../../../Phigros-Auto-play-System/out/vcpkg_installed/x64-windows/include/nlohmann/detail/meta/std_fs.hpp
    ../../../Phigros-Auto-play-System/out/vcpkg_installed/x64-windows/include/nlohmann/detail/meta/type_traits.hpp
    ../../../Phigros-Auto-play-System/out/vcpkg_installed/x64-windows/include/nlohmann/detail/meta/void_t.hpp
    ../../../Phigros-Auto-play-System/out/vcpkg_installed/x64-windows/include/nlohmann/detail/output/binary_writer.hpp
    ../../../Phigros-Auto-play-System/out/vcpkg_installed/x64-windows/include/nlohmann/detail/output/output_adapters.hpp
    ../../../Phigros-Auto-play-System/out/vcpkg_installed/x64-windows/include/nlohmann/detail/output/serializer.hpp
    ../../../Phigros-Auto-play-System/out/vcpkg_installed/x64-windows/include/nlohmann/detail/string_concat.hpp
    ../../../Phigros-Auto-play-System/out/vcpkg_installed/x64-windows/include/nlohmann/detail/string_escape.hpp
    ../../../Phigros-Auto-play-System/out/vcpkg_installed/x64-windows/include/nlohmann/detail/string_utils.hpp
    ../../../Phigros-Auto-play-System/out/vcpkg_installed/x64-windows/include/nlohmann/detail/value_t.hpp
    ../../../Phigros-Auto-play-System/out/vcpkg_installed/x64-windows/include/nlohmann/json.hpp
    ../../../Phigros-Auto-play-System/out/vcpkg_installed/x64-windows/include/nlohmann/json_fwd.hpp
    ../../../Phigros-Auto-play-System/out/vcpkg_installed/x64-windows/include/nlohmann/ordered_map.hpp
    ../../../Phigros-Auto-play-System/out/vcpkg_installed/x64-windows/include/nlohmann/thirdparty/hedley/hedley.hpp
    ../../../Phigros-Auto-play-System/out/vcpkg_installed/x64-windows/include/nlohmann/thirdparty/hedley/hedley_undef.hpp
    ../../include/pas/core.hpp
    ../../include/pas/game.hpp
    ../../research/hold_front_current/front.hpp

CMakeFiles/current_bridge.dir/C_/Users/wurre/Desktop/PAS-zero-miss-r4-20261006/research/bvi_windows/bridge/bridge.cpp.obj: #deps 50, deps mtime 8129903647909833 (VALID)
    ../../../Phigros-Auto-play-System/out/vcpkg_installed/x64-windows/include/nlohmann/adl_serializer.hpp
    ../../../Phigros-Auto-play-System/out/vcpkg_installed/x64-windows/include/nlohmann/byte_container_with_subtype.hpp
    ../../../Phigros-Auto-play-System/out/vcpkg_installed/x64-windows/include/nlohmann/detail/abi_macros.hpp
    ../../../Phigros-Auto-play-System/out/vcpkg_installed/x64-windows/include/nlohmann/detail/conversions/from_json.hpp
    ../../../Phigros-Auto-play-System/out/vcpkg_installed/x64-windows/include/nlohmann/detail/conversions/to_chars.hpp
    ../../../Phigros-Auto-play-System/out/vcpkg_installed/x64-windows/include/nlohmann/detail/conversions/to_json.hpp
    ../../../Phigros-Auto-play-System/out/vcpkg_installed/x64-windows/include/nlohmann/detail/exceptions.hpp
    ../../../Phigros-Auto-play-System/out/vcpkg_installed/x64-windows/include/nlohmann/detail/hash.hpp
    ../../../Phigros-Auto-play-System/out/vcpkg_installed/x64-windows/include/nlohmann/detail/input/binary_reader.hpp
    ../../../Phigros-Auto-play-System/out/vcpkg_installed/x64-windows/include/nlohmann/detail/input/input_adapters.hpp
    ../../../Phigros-Auto-play-System/out/vcpkg_installed/x64-windows/include/nlohmann/detail/input/json_sax.hpp
    ../../../Phigros-Auto-play-System/out/vcpkg_installed/x64-windows/include/nlohmann/detail/input/lexer.hpp
    ../../../Phigros-Auto-play-System/out/vcpkg_installed/x64-windows/include/nlohmann/detail/input/parser.hpp
    ../../../Phigros-Auto-play-System/out/vcpkg_installed/x64-windows/include/nlohmann/detail/input/position_t.hpp
    ../../../Phigros-Auto-play-System/out/vcpkg_installed/x64-windows/include/nlohmann/detail/iterators/internal_iterator.hpp
    ../../../Phigros-Auto-play-System/out/vcpkg_installed/x64-windows/include/nlohmann/detail/iterators/iter_impl.hpp
    ../../../Phigros-Auto-play-System/out/vcpkg_installed/x64-windows/include/nlohmann/detail/iterators/iteration_proxy.hpp
    ../../../Phigros-Auto-play-System/out/vcpkg_installed/x64-windows/include/nlohmann/detail/iterators/iterator_traits.hpp
    ../../../Phigros-Auto-play-System/out/vcpkg_installed/x64-windows/include/nlohmann/detail/iterators/json_reverse_iterator.hpp
    ../../../Phigros-Auto-play-System/out/vcpkg_installed/x64-windows/include/nlohmann/detail/iterators/primitive_iterator.hpp
    ../../../Phigros-Auto-play-System/out/vcpkg_installed/x64-windows/include/nlohmann/detail/json_custom_base_class.hpp
    ../../../Phigros-Auto-play-System/out/vcpkg_installed/x64-windows/include/nlohmann/detail/json_pointer.hpp
    ../../../Phigros-Auto-play-System/out/vcpkg_installed/x64-windows/include/nlohmann/detail/json_ref.hpp
    ../../../Phigros-Auto-play-System/out/vcpkg_installed/x64-windows/include/nlohmann/detail/macro_scope.hpp
    ../../../Phigros-Auto-play-System/out/vcpkg_installed/x64-windows/include/nlohmann/detail/macro_unscope.hpp
    ../../../Phigros-Auto-play-System/out/vcpkg_installed/x64-windows/include/nlohmann/detail/meta/call_std/begin.hpp
    ../../../Phigros-Auto-play-System/out/vcpkg_installed/x64-windows/include/nlohmann/detail/meta/call_std/end.hpp
    ../../../Phigros-Auto-play-System/out/vcpkg_installed/x64-windows/include/nlohmann/detail/meta/cpp_future.hpp
    ../../../Phigros-Auto-play-System/out/vcpkg_installed/x64-windows/include/nlohmann/detail/meta/detected.hpp
    ../../../Phigros-Auto-play-System/out/vcpkg_installed/x64-windows/include/nlohmann/detail/meta/identity_tag.hpp
    ../../../Phigros-Auto-play-System/out/vcpkg_installed/x64-windows/include/nlohmann/detail/meta/is_sax.hpp
    ../../../Phigros-Auto-play-System/out/vcpkg_installed/x64-windows/include/nlohmann/detail/meta/std_fs.hpp
    ../../../Phigros-Auto-play-System/out/vcpkg_installed/x64-windows/include/nlohmann/detail/meta/type_traits.hpp
    ../../../Phigros-Auto-play-System/out/vcpkg_installed/x64-windows/include/nlohmann/detail/meta/void_t.hpp
    ../../../Phigros-Auto-play-System/out/vcpkg_installed/x64-windows/include/nlohmann/detail/output/binary_writer.hpp
    ../../../Phigros-Auto-play-System/out/vcpkg_installed/x64-windows/include/nlohmann/detail/output/output_adapters.hpp
    ../../../Phigros-Auto-play-System/out/vcpkg_installed/x64-windows/include/nlohmann/detail/output/serializer.hpp
    ../../../Phigros-Auto-play-System/out/vcpkg_installed/x64-windows/include/nlohmann/detail/string_concat.hpp
    ../../../Phigros-Auto-play-System/out/vcpkg_installed/x64-windows/include/nlohmann/detail/string_escape.hpp
    ../../../Phigros-Auto-play-System/out/vcpkg_installed/x64-windows/include/nlohmann/detail/string_utils.hpp
    ../../../Phigros-Auto-play-System/out/vcpkg_installed/x64-windows/include/nlohmann/detail/value_t.hpp
    ../../../Phigros-Auto-play-System/out/vcpkg_installed/x64-windows/include/nlohmann/json.hpp
    ../../../Phigros-Auto-play-System/out/vcpkg_installed/x64-windows/include/nlohmann/json_fwd.hpp
    ../../../Phigros-Auto-play-System/out/vcpkg_installed/x64-windows/include/nlohmann/ordered_map.hpp
    ../../../Phigros-Auto-play-System/out/vcpkg_installed/x64-windows/include/nlohmann/thirdparty/hedley/hedley.hpp
    ../../../Phigros-Auto-play-System/out/vcpkg_installed/x64-windows/include/nlohmann/thirdparty/hedley/hedley_undef.hpp
    ../../include/pas/core.hpp
    ../../include/pas/game.hpp
    ../../research/bvi_cold_v3/bvi.hpp
    ../../research/bvi_windows/bridge/bridge.hpp

CMakeFiles/current_rails.dir/current.cpp.obj: #deps 52, deps mtime 8129903666233668 (VALID)
    ../../../Phigros-Auto-play-System/out/vcpkg_installed/x64-windows/include/nlohmann/adl_serializer.hpp
    ../../../Phigros-Auto-play-System/out/vcpkg_installed/x64-windows/include/nlohmann/byte_container_with_subtype.hpp
    ../../../Phigros-Auto-play-System/out/vcpkg_installed/x64-windows/include/nlohmann/detail/abi_macros.hpp
    ../../../Phigros-Auto-play-System/out/vcpkg_installed/x64-windows/include/nlohmann/detail/conversions/from_json.hpp
    ../../../Phigros-Auto-play-System/out/vcpkg_installed/x64-windows/include/nlohmann/detail/conversions/to_chars.hpp
    ../../../Phigros-Auto-play-System/out/vcpkg_installed/x64-windows/include/nlohmann/detail/conversions/to_json.hpp
    ../../../Phigros-Auto-play-System/out/vcpkg_installed/x64-windows/include/nlohmann/detail/exceptions.hpp
    ../../../Phigros-Auto-play-System/out/vcpkg_installed/x64-windows/include/nlohmann/detail/hash.hpp
    ../../../Phigros-Auto-play-System/out/vcpkg_installed/x64-windows/include/nlohmann/detail/input/binary_reader.hpp
    ../../../Phigros-Auto-play-System/out/vcpkg_installed/x64-windows/include/nlohmann/detail/input/input_adapters.hpp
    ../../../Phigros-Auto-play-System/out/vcpkg_installed/x64-windows/include/nlohmann/detail/input/json_sax.hpp
    ../../../Phigros-Auto-play-System/out/vcpkg_installed/x64-windows/include/nlohmann/detail/input/lexer.hpp
    ../../../Phigros-Auto-play-System/out/vcpkg_installed/x64-windows/include/nlohmann/detail/input/parser.hpp
    ../../../Phigros-Auto-play-System/out/vcpkg_installed/x64-windows/include/nlohmann/detail/input/position_t.hpp
    ../../../Phigros-Auto-play-System/out/vcpkg_installed/x64-windows/include/nlohmann/detail/iterators/internal_iterator.hpp
    ../../../Phigros-Auto-play-System/out/vcpkg_installed/x64-windows/include/nlohmann/detail/iterators/iter_impl.hpp
    ../../../Phigros-Auto-play-System/out/vcpkg_installed/x64-windows/include/nlohmann/detail/iterators/iteration_proxy.hpp
    ../../../Phigros-Auto-play-System/out/vcpkg_installed/x64-windows/include/nlohmann/detail/iterators/iterator_traits.hpp
    ../../../Phigros-Auto-play-System/out/vcpkg_installed/x64-windows/include/nlohmann/detail/iterators/json_reverse_iterator.hpp
    ../../../Phigros-Auto-play-System/out/vcpkg_installed/x64-windows/include/nlohmann/detail/iterators/primitive_iterator.hpp
    ../../../Phigros-Auto-play-System/out/vcpkg_installed/x64-windows/include/nlohmann/detail/json_custom_base_class.hpp
    ../../../Phigros-Auto-play-System/out/vcpkg_installed/x64-windows/include/nlohmann/detail/json_pointer.hpp
    ../../../Phigros-Auto-play-System/out/vcpkg_installed/x64-windows/include/nlohmann/detail/json_ref.hpp
    ../../../Phigros-Auto-play-System/out/vcpkg_installed/x64-windows/include/nlohmann/detail/macro_scope.hpp
    ../../../Phigros-Auto-play-System/out/vcpkg_installed/x64-windows/include/nlohmann/detail/macro_unscope.hpp
    ../../../Phigros-Auto-play-System/out/vcpkg_installed/x64-windows/include/nlohmann/detail/meta/call_std/begin.hpp
    ../../../Phigros-Auto-play-System/out/vcpkg_installed/x64-windows/include/nlohmann/detail/meta/call_std/end.hpp
    ../../../Phigros-Auto-play-System/out/vcpkg_installed/x64-windows/include/nlohmann/detail/meta/cpp_future.hpp
    ../../../Phigros-Auto-play-System/out/vcpkg_installed/x64-windows/include/nlohmann/detail/meta/detected.hpp
    ../../../Phigros-Auto-play-System/out/vcpkg_installed/x64-windows/include/nlohmann/detail/meta/identity_tag.hpp
    ../../../Phigros-Auto-play-System/out/vcpkg_installed/x64-windows/include/nlohmann/detail/meta/is_sax.hpp
    ../../../Phigros-Auto-play-System/out/vcpkg_installed/x64-windows/include/nlohmann/detail/meta/std_fs.hpp
    ../../../Phigros-Auto-play-System/out/vcpkg_installed/x64-windows/include/nlohmann/detail/meta/type_traits.hpp
    ../../../Phigros-Auto-play-System/out/vcpkg_installed/x64-windows/include/nlohmann/detail/meta/void_t.hpp
    ../../../Phigros-Auto-play-System/out/vcpkg_installed/x64-windows/include/nlohmann/detail/output/binary_writer.hpp
    ../../../Phigros-Auto-play-System/out/vcpkg_installed/x64-windows/include/nlohmann/detail/output/output_adapters.hpp
    ../../../Phigros-Auto-play-System/out/vcpkg_installed/x64-windows/include/nlohmann/detail/output/serializer.hpp
    ../../../Phigros-Auto-play-System/out/vcpkg_installed/x64-windows/include/nlohmann/detail/string_concat.hpp
    ../../../Phigros-Auto-play-System/out/vcpkg_installed/x64-windows/include/nlohmann/detail/string_escape.hpp
    ../../../Phigros-Auto-play-System/out/vcpkg_installed/x64-windows/include/nlohmann/detail/string_utils.hpp
    ../../../Phigros-Auto-play-System/out/vcpkg_installed/x64-windows/include/nlohmann/detail/value_t.hpp
    ../../../Phigros-Auto-play-System/out/vcpkg_installed/x64-windows/include/nlohmann/json.hpp
    ../../../Phigros-Auto-play-System/out/vcpkg_installed/x64-windows/include/nlohmann/json_fwd.hpp
    ../../../Phigros-Auto-play-System/out/vcpkg_installed/x64-windows/include/nlohmann/ordered_map.hpp
    ../../../Phigros-Auto-play-System/out/vcpkg_installed/x64-windows/include/nlohmann/thirdparty/hedley/hedley.hpp
    ../../../Phigros-Auto-play-System/out/vcpkg_installed/x64-windows/include/nlohmann/thirdparty/hedley/hedley_undef.hpp
    ../../include/pas/core.hpp
    ../../include/pas/game.hpp
    ../../research/bvi_cold_v3/bvi.hpp
    ../../research/hold_front_current/front.hpp
    ../../research/prelive_current/current.hpp
    ../../research/prelive_current/own_bridge.hpp

CMakeFiles/front_preservation.dir/C_/Users/wurre/Desktop/PAS-zero-miss-r4-20261006/research/hold_front_current/front_tests.cpp.obj: #deps 49, deps mtime 8129903761945201 (VALID)
    ../../../Phigros-Auto-play-System/out/vcpkg_installed/x64-windows/include/nlohmann/adl_serializer.hpp
    ../../../Phigros-Auto-play-System/out/vcpkg_installed/x64-windows/include/nlohmann/byte_container_with_subtype.hpp
    ../../../Phigros-Auto-play-System/out/vcpkg_installed/x64-windows/include/nlohmann/detail/abi_macros.hpp
    ../../../Phigros-Auto-play-System/out/vcpkg_installed/x64-windows/include/nlohmann/detail/conversions/from_json.hpp
    ../../../Phigros-Auto-play-System/out/vcpkg_installed/x64-windows/include/nlohmann/detail/conversions/to_chars.hpp
    ../../../Phigros-Auto-play-System/out/vcpkg_installed/x64-windows/include/nlohmann/detail/conversions/to_json.hpp
    ../../../Phigros-Auto-play-System/out/vcpkg_installed/x64-windows/include/nlohmann/detail/exceptions.hpp
    ../../../Phigros-Auto-play-System/out/vcpkg_installed/x64-windows/include/nlohmann/detail/hash.hpp
    ../../../Phigros-Auto-play-System/out/vcpkg_installed/x64-windows/include/nlohmann/detail/input/binary_reader.hpp
    ../../../Phigros-Auto-play-System/out/vcpkg_installed/x64-windows/include/nlohmann/detail/input/input_adapters.hpp
    ../../../Phigros-Auto-play-System/out/vcpkg_installed/x64-windows/include/nlohmann/detail/input/json_sax.hpp
    ../../../Phigros-Auto-play-System/out/vcpkg_installed/x64-windows/include/nlohmann/detail/input/lexer.hpp
    ../../../Phigros-Auto-play-System/out/vcpkg_installed/x64-windows/include/nlohmann/detail/input/parser.hpp
    ../../../Phigros-Auto-play-System/out/vcpkg_installed/x64-windows/include/nlohmann/detail/input/position_t.hpp
    ../../../Phigros-Auto-play-System/out/vcpkg_installed/x64-windows/include/nlohmann/detail/iterators/internal_iterator.hpp
    ../../../Phigros-Auto-play-System/out/vcpkg_installed/x64-windows/include/nlohmann/detail/iterators/iter_impl.hpp
    ../../../Phigros-Auto-play-System/out/vcpkg_installed/x64-windows/include/nlohmann/detail/iterators/iteration_proxy.hpp
    ../../../Phigros-Auto-play-System/out/vcpkg_installed/x64-windows/include/nlohmann/detail/iterators/iterator_traits.hpp
    ../../../Phigros-Auto-play-System/out/vcpkg_installed/x64-windows/include/nlohmann/detail/iterators/json_reverse_iterator.hpp
    ../../../Phigros-Auto-play-System/out/vcpkg_installed/x64-windows/include/nlohmann/detail/iterators/primitive_iterator.hpp
    ../../../Phigros-Auto-play-System/out/vcpkg_installed/x64-windows/include/nlohmann/detail/json_custom_base_class.hpp
    ../../../Phigros-Auto-play-System/out/vcpkg_installed/x64-windows/include/nlohmann/detail/json_pointer.hpp
    ../../../Phigros-Auto-play-System/out/vcpkg_installed/x64-windows/include/nlohmann/detail/json_ref.hpp
    ../../../Phigros-Auto-play-System/out/vcpkg_installed/x64-windows/include/nlohmann/detail/macro_scope.hpp
    ../../../Phigros-Auto-play-System/out/vcpkg_installed/x64-windows/include/nlohmann/detail/macro_unscope.hpp
    ../../../Phigros-Auto-play-System/out/vcpkg_installed/x64-windows/include/nlohmann/detail/meta/call_std/begin.hpp
    ../../../Phigros-Auto-play-System/out/vcpkg_installed/x64-windows/include/nlohmann/detail/meta/call_std/end.hpp
    ../../../Phigros-Auto-play-System/out/vcpkg_installed/x64-windows/include/nlohmann/detail/meta/cpp_future.hpp
    ../../../Phigros-Auto-play-System/out/vcpkg_installed/x64-windows/include/nlohmann/detail/meta/detected.hpp
    ../../../Phigros-Auto-play-System/out/vcpkg_installed/x64-windows/include/nlohmann/detail/meta/identity_tag.hpp
    ../../../Phigros-Auto-play-System/out/vcpkg_installed/x64-windows/include/nlohmann/detail/meta/is_sax.hpp
    ../../../Phigros-Auto-play-System/out/vcpkg_installed/x64-windows/include/nlohmann/detail/meta/std_fs.hpp
    ../../../Phigros-Auto-play-System/out/vcpkg_installed/x64-windows/include/nlohmann/detail/meta/type_traits.hpp
    ../../../Phigros-Auto-play-System/out/vcpkg_installed/x64-windows/include/nlohmann/detail/meta/void_t.hpp
    ../../../Phigros-Auto-play-System/out/vcpkg_installed/x64-windows/include/nlohmann/detail/output/binary_writer.hpp
    ../../../Phigros-Auto-play-System/out/vcpkg_installed/x64-windows/include/nlohmann/detail/output/output_adapters.hpp
    ../../../Phigros-Auto-play-System/out/vcpkg_installed/x64-windows/include/nlohmann/detail/output/serializer.hpp
    ../../../Phigros-Auto-play-System/out/vcpkg_installed/x64-windows/include/nlohmann/detail/string_concat.hpp
    ../../../Phigros-Auto-play-System/out/vcpkg_installed/x64-windows/include/nlohmann/detail/string_escape.hpp
    ../../../Phigros-Auto-play-System/out/vcpkg_installed/x64-windows/include/nlohmann/detail/string_utils.hpp
    ../../../Phigros-Auto-play-System/out/vcpkg_installed/x64-windows/include/nlohmann/detail/value_t.hpp
    ../../../Phigros-Auto-play-System/out/vcpkg_installed/x64-windows/include/nlohmann/json.hpp
    ../../../Phigros-Auto-play-System/out/vcpkg_installed/x64-windows/include/nlohmann/json_fwd.hpp
    ../../../Phigros-Auto-play-System/out/vcpkg_installed/x64-windows/include/nlohmann/ordered_map.hpp
    ../../../Phigros-Auto-play-System/out/vcpkg_installed/x64-windows/include/nlohmann/thirdparty/hedley/hedley.hpp
    ../../../Phigros-Auto-play-System/out/vcpkg_installed/x64-windows/include/nlohmann/thirdparty/hedley/hedley_undef.hpp
    ../../include/pas/core.hpp
    ../../include/pas/game.hpp
    ../../research/hold_front_current/front.hpp

CMakeFiles/prefix_preservation.dir/C_/Users/wurre/Desktop/PAS-zero-miss-r4-20261006/research/bvi_windows/bridge/bridge_tests.cpp.obj: #deps 51, deps mtime 8129903764532887 (VALID)
    ../../../Phigros-Auto-play-System/out/vcpkg_installed/x64-windows/include/nlohmann/adl_serializer.hpp
    ../../../Phigros-Auto-play-System/out/vcpkg_installed/x64-windows/include/nlohmann/byte_container_with_subtype.hpp
    ../../../Phigros-Auto-play-System/out/vcpkg_installed/x64-windows/include/nlohmann/detail/abi_macros.hpp
    ../../../Phigros-Auto-play-System/out/vcpkg_installed/x64-windows/include/nlohmann/detail/conversions/from_json.hpp
    ../../../Phigros-Auto-play-System/out/vcpkg_installed/x64-windows/include/nlohmann/detail/conversions/to_chars.hpp
    ../../../Phigros-Auto-play-System/out/vcpkg_installed/x64-windows/include/nlohmann/detail/conversions/to_json.hpp
    ../../../Phigros-Auto-play-System/out/vcpkg_installed/x64-windows/include/nlohmann/detail/exceptions.hpp
    ../../../Phigros-Auto-play-System/out/vcpkg_installed/x64-windows/include/nlohmann/detail/hash.hpp
    ../../../Phigros-Auto-play-System/out/vcpkg_installed/x64-windows/include/nlohmann/detail/input/binary_reader.hpp
    ../../../Phigros-Auto-play-System/out/vcpkg_installed/x64-windows/include/nlohmann/detail/input/input_adapters.hpp
    ../../../Phigros-Auto-play-System/out/vcpkg_installed/x64-windows/include/nlohmann/detail/input/json_sax.hpp
    ../../../Phigros-Auto-play-System/out/vcpkg_installed/x64-windows/include/nlohmann/detail/input/lexer.hpp
    ../../../Phigros-Auto-play-System/out/vcpkg_installed/x64-windows/include/nlohmann/detail/input/parser.hpp
    ../../../Phigros-Auto-play-System/out/vcpkg_installed/x64-windows/include/nlohmann/detail/input/position_t.hpp
    ../../../Phigros-Auto-play-System/out/vcpkg_installed/x64-windows/include/nlohmann/detail/iterators/internal_iterator.hpp
    ../../../Phigros-Auto-play-System/out/vcpkg_installed/x64-windows/include/nlohmann/detail/iterators/iter_impl.hpp
    ../../../Phigros-Auto-play-System/out/vcpkg_installed/x64-windows/include/nlohmann/detail/iterators/iteration_proxy.hpp
    ../../../Phigros-Auto-play-System/out/vcpkg_installed/x64-windows/include/nlohmann/detail/iterators/iterator_traits.hpp
    ../../../Phigros-Auto-play-System/out/vcpkg_installed/x64-windows/include/nlohmann/detail/iterators/json_reverse_iterator.hpp
    ../../../Phigros-Auto-play-System/out/vcpkg_installed/x64-windows/include/nlohmann/detail/iterators/primitive_iterator.hpp
    ../../../Phigros-Auto-play-System/out/vcpkg_installed/x64-windows/include/nlohmann/detail/json_custom_base_class.hpp
    ../../../Phigros-Auto-play-System/out/vcpkg_installed/x64-windows/include/nlohmann/detail/json_pointer.hpp
    ../../../Phigros-Auto-play-System/out/vcpkg_installed/x64-windows/include/nlohmann/detail/json_ref.hpp
    ../../../Phigros-Auto-play-System/out/vcpkg_installed/x64-windows/include/nlohmann/detail/macro_scope.hpp
    ../../../Phigros-Auto-play-System/out/vcpkg_installed/x64-windows/include/nlohmann/detail/macro_unscope.hpp
    ../../../Phigros-Auto-play-System/out/vcpkg_installed/x64-windows/include/nlohmann/detail/meta/call_std/begin.hpp
    ../../../Phigros-Auto-play-System/out/vcpkg_installed/x64-windows/include/nlohmann/detail/meta/call_std/end.hpp
    ../../../Phigros-Auto-play-System/out/vcpkg_installed/x64-windows/include/nlohmann/detail/meta/cpp_future.hpp
    ../../../Phigros-Auto-play-System/out/vcpkg_installed/x64-windows/include/nlohmann/detail/meta/detected.hpp
    ../../../Phigros-Auto-play-System/out/vcpkg_installed/x64-windows/include/nlohmann/detail/meta/identity_tag.hpp
    ../../../Phigros-Auto-play-System/out/vcpkg_installed/x64-windows/include/nlohmann/detail/meta/is_sax.hpp
    ../../../Phigros-Auto-play-System/out/vcpkg_installed/x64-windows/include/nlohmann/detail/meta/std_fs.hpp
    ../../../Phigros-Auto-play-System/out/vcpkg_installed/x64-windows/include/nlohmann/detail/meta/type_traits.hpp
    ../../../Phigros-Auto-play-System/out/vcpkg_installed/x64-windows/include/nlohmann/detail/meta/void_t.hpp
    ../../../Phigros-Auto-play-System/out/vcpkg_installed/x64-windows/include/nlohmann/detail/output/binary_writer.hpp
    ../../../Phigros-Auto-play-System/out/vcpkg_installed/x64-windows/include/nlohmann/detail/output/output_adapters.hpp
    ../../../Phigros-Auto-play-System/out/vcpkg_installed/x64-windows/include/nlohmann/detail/output/serializer.hpp
    ../../../Phigros-Auto-play-System/out/vcpkg_installed/x64-windows/include/nlohmann/detail/string_concat.hpp
    ../../../Phigros-Auto-play-System/out/vcpkg_installed/x64-windows/include/nlohmann/detail/string_escape.hpp
    ../../../Phigros-Auto-play-System/out/vcpkg_installed/x64-windows/include/nlohmann/detail/string_utils.hpp
    ../../../Phigros-Auto-play-System/out/vcpkg_installed/x64-windows/include/nlohmann/detail/value_t.hpp
    ../../../Phigros-Auto-play-System/out/vcpkg_installed/x64-windows/include/nlohmann/json.hpp
    ../../../Phigros-Auto-play-System/out/vcpkg_installed/x64-windows/include/nlohmann/json_fwd.hpp
    ../../../Phigros-Auto-play-System/out/vcpkg_installed/x64-windows/include/nlohmann/ordered_map.hpp
    ../../../Phigros-Auto-play-System/out/vcpkg_installed/x64-windows/include/nlohmann/thirdparty/hedley/hedley.hpp
    ../../../Phigros-Auto-play-System/out/vcpkg_installed/x64-windows/include/nlohmann/thirdparty/hedley/hedley_undef.hpp
    ../../include/pas/core.hpp
    ../../include/pas/game.hpp
    ../../include/pas/game_session.hpp
    ../../research/bvi_cold_v3/bvi.hpp
    ../../research/bvi_windows/bridge/bridge.hpp

CMakeFiles/own_prefix.dir/own_prefix.cpp.obj: #deps 51, deps mtime 8129903829988747 (VALID)
    ../../../Phigros-Auto-play-System/out/vcpkg_installed/x64-windows/include/nlohmann/adl_serializer.hpp
    ../../../Phigros-Auto-play-System/out/vcpkg_installed/x64-windows/include/nlohmann/byte_container_with_subtype.hpp
    ../../../Phigros-Auto-play-System/out/vcpkg_installed/x64-windows/include/nlohmann/detail/abi_macros.hpp
    ../../../Phigros-Auto-play-System/out/vcpkg_installed/x64-windows/include/nlohmann/detail/conversions/from_json.hpp
    ../../../Phigros-Auto-play-System/out/vcpkg_installed/x64-windows/include/nlohmann/detail/conversions/to_chars.hpp
    ../../../Phigros-Auto-play-System/out/vcpkg_installed/x64-windows/include/nlohmann/detail/conversions/to_json.hpp
    ../../../Phigros-Auto-play-System/out/vcpkg_installed/x64-windows/include/nlohmann/detail/exceptions.hpp
    ../../../Phigros-Auto-play-System/out/vcpkg_installed/x64-windows/include/nlohmann/detail/hash.hpp
    ../../../Phigros-Auto-play-System/out/vcpkg_installed/x64-windows/include/nlohmann/detail/input/binary_reader.hpp
    ../../../Phigros-Auto-play-System/out/vcpkg_installed/x64-windows/include/nlohmann/detail/input/input_adapters.hpp
    ../../../Phigros-Auto-play-System/out/vcpkg_installed/x64-windows/include/nlohmann/detail/input/json_sax.hpp
    ../../../Phigros-Auto-play-System/out/vcpkg_installed/x64-windows/include/nlohmann/detail/input/lexer.hpp
    ../../../Phigros-Auto-play-System/out/vcpkg_installed/x64-windows/include/nlohmann/detail/input/parser.hpp
    ../../../Phigros-Auto-play-System/out/vcpkg_installed/x64-windows/include/nlohmann/detail/input/position_t.hpp
    ../../../Phigros-Auto-play-System/out/vcpkg_installed/x64-windows/include/nlohmann/detail/iterators/internal_iterator.hpp
    ../../../Phigros-Auto-play-System/out/vcpkg_installed/x64-windows/include/nlohmann/detail/iterators/iter_impl.hpp
    ../../../Phigros-Auto-play-System/out/vcpkg_installed/x64-windows/include/nlohmann/detail/iterators/iteration_proxy.hpp
    ../../../Phigros-Auto-play-System/out/vcpkg_installed/x64-windows/include/nlohmann/detail/iterators/iterator_traits.hpp
    ../../../Phigros-Auto-play-System/out/vcpkg_installed/x64-windows/include/nlohmann/detail/iterators/json_reverse_iterator.hpp
    ../../../Phigros-Auto-play-System/out/vcpkg_installed/x64-windows/include/nlohmann/detail/iterators/primitive_iterator.hpp
    ../../../Phigros-Auto-play-System/out/vcpkg_installed/x64-windows/include/nlohmann/detail/json_custom_base_class.hpp
    ../../../Phigros-Auto-play-System/out/vcpkg_installed/x64-windows/include/nlohmann/detail/json_pointer.hpp
    ../../../Phigros-Auto-play-System/out/vcpkg_installed/x64-windows/include/nlohmann/detail/json_ref.hpp
    ../../../Phigros-Auto-play-System/out/vcpkg_installed/x64-windows/include/nlohmann/detail/macro_scope.hpp
    ../../../Phigros-Auto-play-System/out/vcpkg_installed/x64-windows/include/nlohmann/detail/macro_unscope.hpp
    ../../../Phigros-Auto-play-System/out/vcpkg_installed/x64-windows/include/nlohmann/detail/meta/call_std/begin.hpp
    ../../../Phigros-Auto-play-System/out/vcpkg_installed/x64-windows/include/nlohmann/detail/meta/call_std/end.hpp
    ../../../Phigros-Auto-play-System/out/vcpkg_installed/x64-windows/include/nlohmann/detail/meta/cpp_future.hpp
    ../../../Phigros-Auto-play-System/out/vcpkg_installed/x64-windows/include/nlohmann/detail/meta/detected.hpp
    ../../../Phigros-Auto-play-System/out/vcpkg_installed/x64-windows/include/nlohmann/detail/meta/identity_tag.hpp
    ../../../Phigros-Auto-play-System/out/vcpkg_installed/x64-windows/include/nlohmann/detail/meta/is_sax.hpp
    ../../../Phigros-Auto-play-System/out/vcpkg_installed/x64-windows/include/nlohmann/detail/meta/std_fs.hpp
    ../../../Phigros-Auto-play-System/out/vcpkg_installed/x64-windows/include/nlohmann/detail/meta/type_traits.hpp
    ../../../Phigros-Auto-play-System/out/vcpkg_installed/x64-windows/include/nlohmann/detail/meta/void_t.hpp
    ../../../Phigros-Auto-play-System/out/vcpkg_installed/x64-windows/include/nlohmann/detail/output/binary_writer.hpp
    ../../../Phigros-Auto-play-System/out/vcpkg_installed/x64-windows/include/nlohmann/detail/output/output_adapters.hpp
    ../../../Phigros-Auto-play-System/out/vcpkg_installed/x64-windows/include/nlohmann/detail/output/serializer.hpp
    ../../../Phigros-Auto-play-System/out/vcpkg_installed/x64-windows/include/nlohmann/detail/string_concat.hpp
    ../../../Phigros-Auto-play-System/out/vcpkg_installed/x64-windows/include/nlohmann/detail/string_escape.hpp
    ../../../Phigros-Auto-play-System/out/vcpkg_installed/x64-windows/include/nlohmann/detail/string_utils.hpp
    ../../../Phigros-Auto-play-System/out/vcpkg_installed/x64-windows/include/nlohmann/detail/value_t.hpp
    ../../../Phigros-Auto-play-System/out/vcpkg_installed/x64-windows/include/nlohmann/json.hpp
    ../../../Phigros-Auto-play-System/out/vcpkg_installed/x64-windows/include/nlohmann/json_fwd.hpp
    ../../../Phigros-Auto-play-System/out/vcpkg_installed/x64-windows/include/nlohmann/ordered_map.hpp
    ../../../Phigros-Auto-play-System/out/vcpkg_installed/x64-windows/include/nlohmann/thirdparty/hedley/hedley.hpp
    ../../../Phigros-Auto-play-System/out/vcpkg_installed/x64-windows/include/nlohmann/thirdparty/hedley/hedley_undef.hpp
    ../../include/pas/core.hpp
    ../../include/pas/game.hpp
    ../../include/pas/game_session.hpp
    ../../research/bvi_cold_v3/bvi.hpp
    ../../research/prelive_current/own_bridge.hpp

CMakeFiles/current_tests.dir/current_tests.cpp.obj: #deps 53, deps mtime 8129903833566190 (VALID)
    ../../../Phigros-Auto-play-System/out/vcpkg_installed/x64-windows/include/nlohmann/adl_serializer.hpp
    ../../../Phigros-Auto-play-System/out/vcpkg_installed/x64-windows/include/nlohmann/byte_container_with_subtype.hpp
    ../../../Phigros-Auto-play-System/out/vcpkg_installed/x64-windows/include/nlohmann/detail/abi_macros.hpp
    ../../../Phigros-Auto-play-System/out/vcpkg_installed/x64-windows/include/nlohmann/detail/conversions/from_json.hpp
    ../../../Phigros-Auto-play-System/out/vcpkg_installed/x64-windows/include/nlohmann/detail/conversions/to_chars.hpp
    ../../../Phigros-Auto-play-System/out/vcpkg_installed/x64-windows/include/nlohmann/detail/conversions/to_json.hpp
    ../../../Phigros-Auto-play-System/out/vcpkg_installed/x64-windows/include/nlohmann/detail/exceptions.hpp
    ../../../Phigros-Auto-play-System/out/vcpkg_installed/x64-windows/include/nlohmann/detail/hash.hpp
    ../../../Phigros-Auto-play-System/out/vcpkg_installed/x64-windows/include/nlohmann/detail/input/binary_reader.hpp
    ../../../Phigros-Auto-play-System/out/vcpkg_installed/x64-windows/include/nlohmann/detail/input/input_adapters.hpp
    ../../../Phigros-Auto-play-System/out/vcpkg_installed/x64-windows/include/nlohmann/detail/input/json_sax.hpp
    ../../../Phigros-Auto-play-System/out/vcpkg_installed/x64-windows/include/nlohmann/detail/input/lexer.hpp
    ../../../Phigros-Auto-play-System/out/vcpkg_installed/x64-windows/include/nlohmann/detail/input/parser.hpp
    ../../../Phigros-Auto-play-System/out/vcpkg_installed/x64-windows/include/nlohmann/detail/input/position_t.hpp
    ../../../Phigros-Auto-play-System/out/vcpkg_installed/x64-windows/include/nlohmann/detail/iterators/internal_iterator.hpp
    ../../../Phigros-Auto-play-System/out/vcpkg_installed/x64-windows/include/nlohmann/detail/iterators/iter_impl.hpp
    ../../../Phigros-Auto-play-System/out/vcpkg_installed/x64-windows/include/nlohmann/detail/iterators/iteration_proxy.hpp
    ../../../Phigros-Auto-play-System/out/vcpkg_installed/x64-windows/include/nlohmann/detail/iterators/iterator_traits.hpp
    ../../../Phigros-Auto-play-System/out/vcpkg_installed/x64-windows/include/nlohmann/detail/iterators/json_reverse_iterator.hpp
    ../../../Phigros-Auto-play-System/out/vcpkg_installed/x64-windows/include/nlohmann/detail/iterators/primitive_iterator.hpp
    ../../../Phigros-Auto-play-System/out/vcpkg_installed/x64-windows/include/nlohmann/detail/json_custom_base_class.hpp
    ../../../Phigros-Auto-play-System/out/vcpkg_installed/x64-windows/include/nlohmann/detail/json_pointer.hpp
    ../../../Phigros-Auto-play-System/out/vcpkg_installed/x64-windows/include/nlohmann/detail/json_ref.hpp
    ../../../Phigros-Auto-play-System/out/vcpkg_installed/x64-windows/include/nlohmann/detail/macro_scope.hpp
    ../../../Phigros-Auto-play-System/out/vcpkg_installed/x64-windows/include/nlohmann/detail/macro_unscope.hpp
    ../../../Phigros-Auto-play-System/out/vcpkg_installed/x64-windows/include/nlohmann/detail/meta/call_std/begin.hpp
    ../../../Phigros-Auto-play-System/out/vcpkg_installed/x64-windows/include/nlohmann/detail/meta/call_std/end.hpp
    ../../../Phigros-Auto-play-System/out/vcpkg_installed/x64-windows/include/nlohmann/detail/meta/cpp_future.hpp
    ../../../Phigros-Auto-play-System/out/vcpkg_installed/x64-windows/include/nlohmann/detail/meta/detected.hpp
    ../../../Phigros-Auto-play-System/out/vcpkg_installed/x64-windows/include/nlohmann/detail/meta/identity_tag.hpp
    ../../../Phigros-Auto-play-System/out/vcpkg_installed/x64-windows/include/nlohmann/detail/meta/is_sax.hpp
    ../../../Phigros-Auto-play-System/out/vcpkg_installed/x64-windows/include/nlohmann/detail/meta/std_fs.hpp
    ../../../Phigros-Auto-play-System/out/vcpkg_installed/x64-windows/include/nlohmann/detail/meta/type_traits.hpp
    ../../../Phigros-Auto-play-System/out/vcpkg_installed/x64-windows/include/nlohmann/detail/meta/void_t.hpp
    ../../../Phigros-Auto-play-System/out/vcpkg_installed/x64-windows/include/nlohmann/detail/output/binary_writer.hpp
    ../../../Phigros-Auto-play-System/out/vcpkg_installed/x64-windows/include/nlohmann/detail/output/output_adapters.hpp
    ../../../Phigros-Auto-play-System/out/vcpkg_installed/x64-windows/include/nlohmann/detail/output/serializer.hpp
    ../../../Phigros-Auto-play-System/out/vcpkg_installed/x64-windows/include/nlohmann/detail/string_concat.hpp
    ../../../Phigros-Auto-play-System/out/vcpkg_installed/x64-windows/include/nlohmann/detail/string_escape.hpp
    ../../../Phigros-Auto-play-System/out/vcpkg_installed/x64-windows/include/nlohmann/detail/string_utils.hpp
    ../../../Phigros-Auto-play-System/out/vcpkg_installed/x64-windows/include/nlohmann/detail/value_t.hpp
    ../../../Phigros-Auto-play-System/out/vcpkg_installed/x64-windows/include/nlohmann/json.hpp
    ../../../Phigros-Auto-play-System/out/vcpkg_installed/x64-windows/include/nlohmann/json_fwd.hpp
    ../../../Phigros-Auto-play-System/out/vcpkg_installed/x64-windows/include/nlohmann/ordered_map.hpp
    ../../../Phigros-Auto-play-System/out/vcpkg_installed/x64-windows/include/nlohmann/thirdparty/hedley/hedley.hpp
    ../../../Phigros-Auto-play-System/out/vcpkg_installed/x64-windows/include/nlohmann/thirdparty/hedley/hedley_undef.hpp
    ../../include/pas/core.hpp
    ../../include/pas/game.hpp
    ../../include/pas/game_session.hpp
    ../../research/bvi_cold_v3/bvi.hpp
    ../../research/hold_front_current/front.hpp
    ../../research/prelive_current/current.hpp
    ../../research/prelive_current/own_bridge.hpp

CMakeFiles/formal_affected.dir/C_/Users/wurre/Desktop/PAS-zero-miss-r4-20261006/tests/game_tracking_tests.cpp.obj: #deps 71, deps mtime 8129904048452795 (VALID)
    ../../../Phigros-Auto-play-System/out/vcpkg_installed/x64-windows/include/gtest/gtest-assertion-result.h
    ../../../Phigros-Auto-play-System/out/vcpkg_installed/x64-windows/include/gtest/gtest-death-test.h
    ../../../Phigros-Auto-play-System/out/vcpkg_installed/x64-windows/include/gtest/gtest-matchers.h
    ../../../Phigros-Auto-play-System/out/vcpkg_installed/x64-windows/include/gtest/gtest-message.h
    ../../../Phigros-Auto-play-System/out/vcpkg_installed/x64-windows/include/gtest/gtest-param-test.h
    ../../../Phigros-Auto-play-System/out/vcpkg_installed/x64-windows/include/gtest/gtest-printers.h
    ../../../Phigros-Auto-play-System/out/vcpkg_installed/x64-windows/include/gtest/gtest-test-part.h
    ../../../Phigros-Auto-play-System/out/vcpkg_installed/x64-windows/include/gtest/gtest-typed-test.h
    ../../../Phigros-Auto-play-System/out/vcpkg_installed/x64-windows/include/gtest/gtest.h
    ../../../Phigros-Auto-play-System/out/vcpkg_installed/x64-windows/include/gtest/gtest_pred_impl.h
    ../../../Phigros-Auto-play-System/out/vcpkg_installed/x64-windows/include/gtest/gtest_prod.h
    ../../../Phigros-Auto-play-System/out/vcpkg_installed/x64-windows/include/gtest/internal/custom/gtest-port.h
    ../../../Phigros-Auto-play-System/out/vcpkg_installed/x64-windows/include/gtest/internal/custom/gtest-printers.h
    ../../../Phigros-Auto-play-System/out/vcpkg_installed/x64-windows/include/gtest/internal/gtest-death-test-internal.h
    ../../../Phigros-Auto-play-System/out/vcpkg_installed/x64-windows/include/gtest/internal/gtest-filepath.h
    ../../../Phigros-Auto-play-System/out/vcpkg_installed/x64-windows/include/gtest/internal/gtest-internal.h
    ../../../Phigros-Auto-play-System/out/vcpkg_installed/x64-windows/include/gtest/internal/gtest-param-util.h
    ../../../Phigros-Auto-play-System/out/vcpkg_installed/x64-windows/include/gtest/internal/gtest-port-arch.h
    ../../../Phigros-Auto-play-System/out/vcpkg_installed/x64-windows/include/gtest/internal/gtest-port.h
    ../../../Phigros-Auto-play-System/out/vcpkg_installed/x64-windows/include/gtest/internal/gtest-string.h
    ../../../Phigros-Auto-play-System/out/vcpkg_installed/x64-windows/include/gtest/internal/gtest-type-util.h
    ../../../Phigros-Auto-play-System/out/vcpkg_installed/x64-windows/include/nlohmann/adl_serializer.hpp
    ../../../Phigros-Auto-play-System/out/vcpkg_installed/x64-windows/include/nlohmann/byte_container_with_subtype.hpp
    ../../../Phigros-Auto-play-System/out/vcpkg_installed/x64-windows/include/nlohmann/detail/abi_macros.hpp
    ../../../Phigros-Auto-play-System/out/vcpkg_installed/x64-windows/include/nlohmann/detail/conversions/from_json.hpp
    ../../../Phigros-Auto-play-System/out/vcpkg_installed/x64-windows/include/nlohmann/detail/conversions/to_chars.hpp
    ../../../Phigros-Auto-play-System/out/vcpkg_installed/x64-windows/include/nlohmann/detail/conversions/to_json.hpp
    ../../../Phigros-Auto-play-System/out/vcpkg_installed/x64-windows/include/nlohmann/detail/exceptions.hpp
    ../../../Phigros-Auto-play-System/out/vcpkg_installed/x64-windows/include/nlohmann/detail/hash.hpp
    ../../../Phigros-Auto-play-System/out/vcpkg_installed/x64-windows/include/nlohmann/detail/input/binary_reader.hpp
    ../../../Phigros-Auto-play-System/out/vcpkg_installed/x64-windows/include/nlohmann/detail/input/input_adapters.hpp
    ../../../Phigros-Auto-play-System/out/vcpkg_installed/x64-windows/include/nlohmann/detail/input/json_sax.hpp
    ../../../Phigros-Auto-play-System/out/vcpkg_installed/x64-windows/include/nlohmann/detail/input/lexer.hpp
    ../../../Phigros-Auto-play-System/out/vcpkg_installed/x64-windows/include/nlohmann/detail/input/parser.hpp
    ../../../Phigros-Auto-play-System/out/vcpkg_installed/x64-windows/include/nlohmann/detail/input/position_t.hpp
    ../../../Phigros-Auto-play-System/out/vcpkg_installed/x64-windows/include/nlohmann/detail/iterators/internal_iterator.hpp
    ../../../Phigros-Auto-play-System/out/vcpkg_installed/x64-windows/include/nlohmann/detail/iterators/iter_impl.hpp
    ../../../Phigros-Auto-play-System/out/vcpkg_installed/x64-windows/include/nlohmann/detail/iterators/iteration_proxy.hpp
    ../../../Phigros-Auto-play-System/out/vcpkg_installed/x64-windows/include/nlohmann/detail/iterators/iterator_traits.hpp
    ../../../Phigros-Auto-play-System/out/vcpkg_installed/x64-windows/include/nlohmann/detail/iterators/json_reverse_iterator.hpp
    ../../../Phigros-Auto-play-System/out/vcpkg_installed/x64-windows/include/nlohmann/detail/iterators/primitive_iterator.hpp
    ../../../Phigros-Auto-play-System/out/vcpkg_installed/x64-windows/include/nlohmann/detail/json_custom_base_class.hpp
    ../../../Phigros-Auto-play-System/out/vcpkg_installed/x64-windows/include/nlohmann/detail/json_pointer.hpp
    ../../../Phigros-Auto-play-System/out/vcpkg_installed/x64-windows/include/nlohmann/detail/json_ref.hpp
    ../../../Phigros-Auto-play-System/out/vcpkg_installed/x64-windows/include/nlohmann/detail/macro_scope.hpp
    ../../../Phigros-Auto-play-System/out/vcpkg_installed/x64-windows/include/nlohmann/detail/macro_unscope.hpp
    ../../../Phigros-Auto-play-System/out/vcpkg_installed/x64-windows/include/nlohmann/detail/meta/call_std/begin.hpp
    ../../../Phigros-Auto-play-System/out/vcpkg_installed/x64-windows/include/nlohmann/detail/meta/call_std/end.hpp
    ../../../Phigros-Auto-play-System/out/vcpkg_installed/x64-windows/include/nlohmann/detail/meta/cpp_future.hpp
    ../../../Phigros-Auto-play-System/out/vcpkg_installed/x64-windows/include/nlohmann/detail/meta/detected.hpp
    ../../../Phigros-Auto-play-System/out/vcpkg_installed/x64-windows/include/nlohmann/detail/meta/identity_tag.hpp
    ../../../Phigros-Auto-play-System/out/vcpkg_installed/x64-windows/include/nlohmann/detail/meta/is_sax.hpp
    ../../../Phigros-Auto-play-System/out/vcpkg_installed/x64-windows/include/nlohmann/detail/meta/std_fs.hpp
    ../../../Phigros-Auto-play-System/out/vcpkg_installed/x64-windows/include/nlohmann/detail/meta/type_traits.hpp
    ../../../Phigros-Auto-play-System/out/vcpkg_installed/x64-windows/include/nlohmann/detail/meta/void_t.hpp
    ../../../Phigros-Auto-play-System/out/vcpkg_installed/x64-windows/include/nlohmann/detail/output/binary_writer.hpp
    ../../../Phigros-Auto-play-System/out/vcpkg_installed/x64-windows/include/nlohmann/detail/output/output_adapters.hpp
    ../../../Phigros-Auto-play-System/out/vcpkg_installed/x64-windows/include/nlohmann/detail/output/serializer.hpp
    ../../../Phigros-Auto-play-System/out/vcpkg_installed/x64-windows/include/nlohmann/detail/string_concat.hpp
    ../../../Phigros-Auto-play-System/out/vcpkg_installed/x64-windows/include/nlohmann/detail/string_escape.hpp
    ../../../Phigros-Auto-play-System/out/vcpkg_installed/x64-windows/include/nlohmann/detail/string_utils.hpp
    ../../../Phigros-Auto-play-System/out/vcpkg_installed/x64-windows/include/nlohmann/detail/value_t.hpp
    ../../../Phigros-Auto-play-System/out/vcpkg_installed/x64-windows/include/nlohmann/json.hpp
    ../../../Phigros-Auto-play-System/out/vcpkg_installed/x64-windows/include/nlohmann/json_fwd.hpp
    ../../../Phigros-Auto-play-System/out/vcpkg_installed/x64-windows/include/nlohmann/ordered_map.hpp
    ../../../Phigros-Auto-play-System/out/vcpkg_installed/x64-windows/include/nlohmann/thirdparty/hedley/hedley.hpp
    ../../../Phigros-Auto-play-System/out/vcpkg_installed/x64-windows/include/nlohmann/thirdparty/hedley/hedley_undef.hpp
    ../../include/pas/core.hpp
    ../../include/pas/game.hpp
    ../../include/pas/game_tracking.hpp
    ../../include/pas/game_tracking_shadow.hpp

CMakeFiles/current_chain.dir/chain.cpp.obj: #deps 56, deps mtime 8129904083758205 (VALID)
    ../../../Phigros-Auto-play-System/out/vcpkg_installed/x64-windows/include/nlohmann/adl_serializer.hpp
    ../../../Phigros-Auto-play-System/out/vcpkg_installed/x64-windows/include/nlohmann/byte_container_with_subtype.hpp
    ../../../Phigros-Auto-play-System/out/vcpkg_installed/x64-windows/include/nlohmann/detail/abi_macros.hpp
    ../../../Phigros-Auto-play-System/out/vcpkg_installed/x64-windows/include/nlohmann/detail/conversions/from_json.hpp
    ../../../Phigros-Auto-play-System/out/vcpkg_installed/x64-windows/include/nlohmann/detail/conversions/to_chars.hpp
    ../../../Phigros-Auto-play-System/out/vcpkg_installed/x64-windows/include/nlohmann/detail/conversions/to_json.hpp
    ../../../Phigros-Auto-play-System/out/vcpkg_installed/x64-windows/include/nlohmann/detail/exceptions.hpp
    ../../../Phigros-Auto-play-System/out/vcpkg_installed/x64-windows/include/nlohmann/detail/hash.hpp
    ../../../Phigros-Auto-play-System/out/vcpkg_installed/x64-windows/include/nlohmann/detail/input/binary_reader.hpp
    ../../../Phigros-Auto-play-System/out/vcpkg_installed/x64-windows/include/nlohmann/detail/input/input_adapters.hpp
    ../../../Phigros-Auto-play-System/out/vcpkg_installed/x64-windows/include/nlohmann/detail/input/json_sax.hpp
    ../../../Phigros-Auto-play-System/out/vcpkg_installed/x64-windows/include/nlohmann/detail/input/lexer.hpp
    ../../../Phigros-Auto-play-System/out/vcpkg_installed/x64-windows/include/nlohmann/detail/input/parser.hpp
    ../../../Phigros-Auto-play-System/out/vcpkg_installed/x64-windows/include/nlohmann/detail/input/position_t.hpp
    ../../../Phigros-Auto-play-System/out/vcpkg_installed/x64-windows/include/nlohmann/detail/iterators/internal_iterator.hpp
    ../../../Phigros-Auto-play-System/out/vcpkg_installed/x64-windows/include/nlohmann/detail/iterators/iter_impl.hpp
    ../../../Phigros-Auto-play-System/out/vcpkg_installed/x64-windows/include/nlohmann/detail/iterators/iteration_proxy.hpp
    ../../../Phigros-Auto-play-System/out/vcpkg_installed/x64-windows/include/nlohmann/detail/iterators/iterator_traits.hpp
    ../../../Phigros-Auto-play-System/out/vcpkg_installed/x64-windows/include/nlohmann/detail/iterators/json_reverse_iterator.hpp
    ../../../Phigros-Auto-play-System/out/vcpkg_installed/x64-windows/include/nlohmann/detail/iterators/primitive_iterator.hpp
    ../../../Phigros-Auto-play-System/out/vcpkg_installed/x64-windows/include/nlohmann/detail/json_custom_base_class.hpp
    ../../../Phigros-Auto-play-System/out/vcpkg_installed/x64-windows/include/nlohmann/detail/json_pointer.hpp
    ../../../Phigros-Auto-play-System/out/vcpkg_installed/x64-windows/include/nlohmann/detail/json_ref.hpp
    ../../../Phigros-Auto-play-System/out/vcpkg_installed/x64-windows/include/nlohmann/detail/macro_scope.hpp
    ../../../Phigros-Auto-play-System/out/vcpkg_installed/x64-windows/include/nlohmann/detail/macro_unscope.hpp
    ../../../Phigros-Auto-play-System/out/vcpkg_installed/x64-windows/include/nlohmann/detail/meta/call_std/begin.hpp
    ../../../Phigros-Auto-play-System/out/vcpkg_installed/x64-windows/include/nlohmann/detail/meta/call_std/end.hpp
    ../../../Phigros-Auto-play-System/out/vcpkg_installed/x64-windows/include/nlohmann/detail/meta/cpp_future.hpp
    ../../../Phigros-Auto-play-System/out/vcpkg_installed/x64-windows/include/nlohmann/detail/meta/detected.hpp
    ../../../Phigros-Auto-play-System/out/vcpkg_installed/x64-windows/include/nlohmann/detail/meta/identity_tag.hpp
    ../../../Phigros-Auto-play-System/out/vcpkg_installed/x64-windows/include/nlohmann/detail/meta/is_sax.hpp
    ../../../Phigros-Auto-play-System/out/vcpkg_installed/x64-windows/include/nlohmann/detail/meta/std_fs.hpp
    ../../../Phigros-Auto-play-System/out/vcpkg_installed/x64-windows/include/nlohmann/detail/meta/type_traits.hpp
    ../../../Phigros-Auto-play-System/out/vcpkg_installed/x64-windows/include/nlohmann/detail/meta/void_t.hpp
    ../../../Phigros-Auto-play-System/out/vcpkg_installed/x64-windows/include/nlohmann/detail/output/binary_writer.hpp
    ../../../Phigros-Auto-play-System/out/vcpkg_installed/x64-windows/include/nlohmann/detail/output/output_adapters.hpp
    ../../../Phigros-Auto-play-System/out/vcpkg_installed/x64-windows/include/nlohmann/detail/output/serializer.hpp
    ../../../Phigros-Auto-play-System/out/vcpkg_installed/x64-windows/include/nlohmann/detail/string_concat.hpp
    ../../../Phigros-Auto-play-System/out/vcpkg_installed/x64-windows/include/nlohmann/detail/string_escape.hpp
    ../../../Phigros-Auto-play-System/out/vcpkg_installed/x64-windows/include/nlohmann/detail/string_utils.hpp
    ../../../Phigros-Auto-play-System/out/vcpkg_installed/x64-windows/include/nlohmann/detail/value_t.hpp
    ../../../Phigros-Auto-play-System/out/vcpkg_installed/x64-windows/include/nlohmann/json.hpp
    ../../../Phigros-Auto-play-System/out/vcpkg_installed/x64-windows/include/nlohmann/json_fwd.hpp
    ../../../Phigros-Auto-play-System/out/vcpkg_installed/x64-windows/include/nlohmann/ordered_map.hpp
    ../../../Phigros-Auto-play-System/out/vcpkg_installed/x64-windows/include/nlohmann/thirdparty/hedley/hedley.hpp
    ../../../Phigros-Auto-play-System/out/vcpkg_installed/x64-windows/include/nlohmann/thirdparty/hedley/hedley_undef.hpp
    ../../include/pas/core.hpp
    ../../include/pas/game.hpp
    ../../include/pas/game_session.hpp
    ../../include/pas/game_tracking.hpp
    ../../include/pas/journal.hpp
    ../../research/bvi_cold_v3/bvi.hpp
    ../../research/hold_front_current/front.hpp
    ../../research/prelive_current/current.hpp
    ../../research/prelive_current/own_bridge.hpp
    ../../research/prelive_current/runtime.hpp

CMakeFiles/formal_affected.dir/runtime_contract.cpp.obj: #deps 399, deps mtime 8129904206349545 (VALID)
    ../../../Phigros-Auto-play-System/out/vcpkg_installed/x64-windows/include/absl/algorithm/algorithm.h
    ../../../Phigros-Auto-play-System/out/vcpkg_installed/x64-windows/include/absl/algorithm/container.h
    ../../../Phigros-Auto-play-System/out/vcpkg_installed/x64-windows/include/absl/base/attributes.h
    ../../../Phigros-Auto-play-System/out/vcpkg_installed/x64-windows/include/absl/base/call_once.h
    ../../../Phigros-Auto-play-System/out/vcpkg_installed/x64-windows/include/absl/base/casts.h
    ../../../Phigros-Auto-play-System/out/vcpkg_installed/x64-windows/include/absl/base/config.h
    ../../../Phigros-Auto-play-System/out/vcpkg_installed/x64-windows/include/absl/base/const_init.h
    ../../../Phigros-Auto-play-System/out/vcpkg_installed/x64-windows/include/absl/base/dynamic_annotations.h
    ../../../Phigros-Auto-play-System/out/vcpkg_installed/x64-windows/include/absl/base/internal/atomic_hook.h
    ../../../Phigros-Auto-play-System/out/vcpkg_installed/x64-windows/include/absl/base/internal/dynamic_annotations.h
    ../../../Phigros-Auto-play-System/out/vcpkg_installed/x64-windows/include/absl/base/internal/endian.h
    ../../../Phigros-Auto-play-System/out/vcpkg_installed/x64-windows/include/absl/base/internal/errno_saver.h
    ../../../Phigros-Auto-play-System/out/vcpkg_installed/x64-windows/include/absl/base/internal/iterator_traits.h
    ../../../Phigros-Auto-play-System/out/vcpkg_installed/x64-windows/include/absl/base/internal/low_level_scheduling.h
    ../../../Phigros-Auto-play-System/out/vcpkg_installed/x64-windows/include/absl/base/internal/per_thread_tls.h
    ../../../Phigros-Auto-play-System/out/vcpkg_installed/x64-windows/include/absl/base/internal/raw_logging.h
    ../../../Phigros-Auto-play-System/out/vcpkg_installed/x64-windows/include/absl/base/internal/scheduling_mode.h
    ../../../Phigros-Auto-play-System/out/vcpkg_installed/x64-windows/include/absl/base/internal/spinlock_wait.h
    ../../../Phigros-Auto-play-System/out/vcpkg_installed/x64-windows/include/absl/base/internal/thread_identity.h
    ../../../Phigros-Auto-play-System/out/vcpkg_installed/x64-windows/include/absl/base/internal/throw_delegate.h
    ../../../Phigros-Auto-play-System/out/vcpkg_installed/x64-windows/include/absl/base/internal/tsan_mutex_interface.h
    ../../../Phigros-Auto-play-System/out/vcpkg_installed/x64-windows/include/absl/base/internal/unaligned_access.h
    ../../../Phigros-Auto-play-System/out/vcpkg_installed/x64-windows/include/absl/base/log_severity.h
    ../../../Phigros-Auto-play-System/out/vcpkg_installed/x64-windows/include/absl/base/macros.h
    ../../../Phigros-Auto-play-System/out/vcpkg_installed/x64-windows/include/absl/base/nullability.h
    ../../../Phigros-Auto-play-System/out/vcpkg_installed/x64-windows/include/absl/base/optimization.h
    ../../../Phigros-Auto-play-System/out/vcpkg_installed/x64-windows/include/absl/base/options.h
    ../../../Phigros-Auto-play-System/out/vcpkg_installed/x64-windows/include/absl/base/policy_checks.h
    ../../../Phigros-Auto-play-System/out/vcpkg_installed/x64-windows/include/absl/base/port.h
    ../../../Phigros-Auto-play-System/out/vcpkg_installed/x64-windows/include/absl/base/prefetch.h
    ../../../Phigros-Auto-play-System/out/vcpkg_installed/x64-windows/include/absl/base/thread_annotations.h
    ../../../Phigros-Auto-play-System/out/vcpkg_installed/x64-windows/include/absl/container/btree_map.h
    ../../../Phigros-Auto-play-System/out/vcpkg_installed/x64-windows/include/absl/container/fixed_array.h
    ../../../Phigros-Auto-play-System/out/vcpkg_installed/x64-windows/include/absl/container/flat_hash_map.h
    ../../../Phigros-Auto-play-System/out/vcpkg_installed/x64-windows/include/absl/container/hash_container_defaults.h
    ../../../Phigros-Auto-play-System/out/vcpkg_installed/x64-windows/include/absl/container/inlined_vector.h
    ../../../Phigros-Auto-play-System/out/vcpkg_installed/x64-windows/include/absl/container/internal/btree.h
    ../../../Phigros-Auto-play-System/out/vcpkg_installed/x64-windows/include/absl/container/internal/btree_container.h
    ../../../Phigros-Auto-play-System/out/vcpkg_installed/x64-windows/include/absl/container/internal/common.h
    ../../../Phigros-Auto-play-System/out/vcpkg_installed/x64-windows/include/absl/container/internal/common_policy_traits.h
    ../../../Phigros-Auto-play-System/out/vcpkg_installed/x64-windows/include/absl/container/internal/compressed_tuple.h
    ../../../Phigros-Auto-play-System/out/vcpkg_installed/x64-windows/include/absl/container/internal/container_memory.h
    ../../../Phigros-Auto-play-System/out/vcpkg_installed/x64-windows/include/absl/container/internal/hash_function_defaults.h
    ../../../Phigros-Auto-play-System/out/vcpkg_installed/x64-windows/include/absl/container/internal/hash_policy_traits.h
    ../../../Phigros-Auto-play-System/out/vcpkg_installed/x64-windows/include/absl/container/internal/hashtable_control_bytes.h
    ../../../Phigros-Auto-play-System/out/vcpkg_installed/x64-windows/include/absl/container/internal/hashtable_debug_hooks.h
    ../../../Phigros-Auto-play-System/out/vcpkg_installed/x64-windows/include/absl/container/internal/hashtablez_sampler.h
    ../../../Phigros-Auto-play-System/out/vcpkg_installed/x64-windows/include/absl/container/internal/inlined_vector.h
    ../../../Phigros-Auto-play-System/out/vcpkg_installed/x64-windows/include/absl/container/internal/layout.h
    ../../../Phigros-Auto-play-System/out/vcpkg_installed/x64-windows/include/absl/container/internal/raw_hash_map.h
    ../../../Phigros-Auto-play-System/out/vcpkg_installed/x64-windows/include/absl/container/internal/raw_hash_set.h
    ../../../Phigros-Auto-play-System/out/vcpkg_installed/x64-windows/include/absl/crc/crc32c.h
    ../../../Phigros-Auto-play-System/out/vcpkg_installed/x64-windows/include/absl/crc/internal/crc32_x86_arm_combined_simd.h
    ../../../Phigros-Auto-play-System/out/vcpkg_installed/x64-windows/include/absl/crc/internal/crc32c_inline.h
    ../../../Phigros-Auto-play-System/out/vcpkg_installed/x64-windows/include/absl/crc/internal/crc_cord_state.h
    ../../../Phigros-Auto-play-System/out/vcpkg_installed/x64-windows/include/absl/debugging/internal/demangle.h
    ../../../Phigros-Auto-play-System/out/vcpkg_installed/x64-windows/include/absl/functional/any_invocable.h
    ../../../Phigros-Auto-play-System/out/vcpkg_installed/x64-windows/include/absl/functional/function_ref.h
    ../../../Phigros-Auto-play-System/out/vcpkg_installed/x64-windows/include/absl/functional/internal/any_invocable.h
    ../../../Phigros-Auto-play-System/out/vcpkg_installed/x64-windows/include/absl/functional/internal/function_ref.h
    ../../../Phigros-Auto-play-System/out/vcpkg_installed/x64-windows/include/absl/hash/hash.h
    ../../../Phigros-Auto-play-System/out/vcpkg_installed/x64-windows/include/absl/hash/internal/city.h
    ../../../Phigros-Auto-play-System/out/vcpkg_installed/x64-windows/include/absl/hash/internal/hash.h
    ../../../Phigros-Auto-play-System/out/vcpkg_installed/x64-windows/include/absl/hash/internal/weakly_mixed_integer.h
    ../../../Phigros-Auto-play-System/out/vcpkg_installed/x64-windows/include/absl/log/absl_check.h
    ../../../Phigros-Auto-play-System/out/vcpkg_installed/x64-windows/include/absl/log/absl_log.h
    ../../../Phigros-Auto-play-System/out/vcpkg_installed/x64-windows/include/absl/log/absl_vlog_is_on.h
    ../../../Phigros-Auto-play-System/out/vcpkg_installed/x64-windows/include/absl/log/internal/check_impl.h
    ../../../Phigros-Auto-play-System/out/vcpkg_installed/x64-windows/include/absl/log/internal/check_op.h
    ../../../Phigros-Auto-play-System/out/vcpkg_installed/x64-windows/include/absl/log/internal/conditions.h
    ../../../Phigros-Auto-play-System/out/vcpkg_installed/x64-windows/include/absl/log/internal/config.h
    ../../../Phigros-Auto-play-System/out/vcpkg_installed/x64-windows/include/absl/log/internal/log_impl.h
    ../../../Phigros-Auto-play-System/out/vcpkg_installed/x64-windows/include/absl/log/internal/log_message.h
    ../../../Phigros-Auto-play-System/out/vcpkg_installed/x64-windows/include/absl/log/internal/nullguard.h
    ../../../Phigros-Auto-play-System/out/vcpkg_installed/x64-windows/include/absl/log/internal/nullstream.h
    ../../../Phigros-Auto-play-System/out/vcpkg_installed/x64-windows/include/absl/log/internal/proto.h
    ../../../Phigros-Auto-play-System/out/vcpkg_installed/x64-windows/include/absl/log/internal/strip.h
    ../../../Phigros-Auto-play-System/out/vcpkg_installed/x64-windows/include/absl/log/internal/structured_proto.h
    ../../../Phigros-Auto-play-System/out/vcpkg_installed/x64-windows/include/absl/log/internal/vlog_config.h
    ../../../Phigros-Auto-play-System/out/vcpkg_installed/x64-windows/include/absl/log/internal/voidify.h
    ../../../Phigros-Auto-play-System/out/vcpkg_installed/x64-windows/include/absl/log/log_entry.h
    ../../../Phigros-Auto-play-System/out/vcpkg_installed/x64-windows/include/absl/log/log_sink.h
    ../../../Phigros-Auto-play-System/out/vcpkg_installed/x64-windows/include/absl/memory/memory.h
    ../../../Phigros-Auto-play-System/out/vcpkg_installed/x64-windows/include/absl/meta/type_traits.h
    ../../../Phigros-Auto-play-System/out/vcpkg_installed/x64-windows/include/absl/numeric/bits.h
    ../../../Phigros-Auto-play-System/out/vcpkg_installed/x64-windows/include/absl/numeric/int128.h
    ../../../Phigros-Auto-play-System/out/vcpkg_installed/x64-windows/include/absl/numeric/int128_no_intrinsic.inc
    ../../../Phigros-Auto-play-System/out/vcpkg_installed/x64-windows/include/absl/numeric/internal/bits.h
    ../../../Phigros-Auto-play-System/out/vcpkg_installed/x64-windows/include/absl/profiling/internal/sample_recorder.h
    ../../../Phigros-Auto-play-System/out/vcpkg_installed/x64-windows/include/absl/status/internal/status_internal.h
    ../../../Phigros-Auto-play-System/out/vcpkg_installed/x64-windows/include/absl/status/internal/statusor_internal.h
    ../../../Phigros-Auto-play-System/out/vcpkg_installed/x64-windows/include/absl/status/status.h
    ../../../Phigros-Auto-play-System/out/vcpkg_installed/x64-windows/include/absl/status/statusor.h
    ../../../Phigros-Auto-play-System/out/vcpkg_installed/x64-windows/include/absl/strings/cord.h
    ../../../Phigros-Auto-play-System/out/vcpkg_installed/x64-windows/include/absl/strings/cord_analysis.h
    ../../../Phigros-Auto-play-System/out/vcpkg_installed/x64-windows/include/absl/strings/cord_buffer.h
    ../../../Phigros-Auto-play-System/out/vcpkg_installed/x64-windows/include/absl/strings/has_absl_stringify.h
    ../../../Phigros-Auto-play-System/out/vcpkg_installed/x64-windows/include/absl/strings/has_ostream_operator.h
    ../../../Phigros-Auto-play-System/out/vcpkg_installed/x64-windows/include/absl/strings/internal/cord_data_edge.h
    ../../../Phigros-Auto-play-System/out/vcpkg_installed/x64-windows/include/absl/strings/internal/cord_internal.h
    ../../../Phigros-Auto-play-System/out/vcpkg_installed/x64-windows/include/absl/strings/internal/cord_rep_btree.h
    ../../../Phigros-Auto-play-System/out/vcpkg_installed/x64-windows/include/absl/strings/internal/cord_rep_btree_navigator.h
    ../../../Phigros-Auto-play-System/out/vcpkg_installed/x64-windows/include/absl/strings/internal/cord_rep_btree_reader.h
    ../../../Phigros-Auto-play-System/out/vcpkg_installed/x64-windows/include/absl/strings/internal/cord_rep_crc.h
    ../../../Phigros-Auto-play-System/out/vcpkg_installed/x64-windows/include/absl/strings/internal/cord_rep_flat.h
    ../../../Phigros-Auto-play-System/out/vcpkg_installed/x64-windows/include/absl/strings/internal/cordz_functions.h
    ../../../Phigros-Auto-play-System/out/vcpkg_installed/x64-windows/include/absl/strings/internal/cordz_handle.h
    ../../../Phigros-Auto-play-System/out/vcpkg_installed/x64-windows/include/absl/strings/internal/cordz_info.h
    ../../../Phigros-Auto-play-System/out/vcpkg_installed/x64-windows/include/absl/strings/internal/cordz_statistics.h
    ../../../Phigros-Auto-play-System/out/vcpkg_installed/x64-windows/include/absl/strings/internal/cordz_update_scope.h
    ../../../Phigros-Auto-play-System/out/vcpkg_installed/x64-windows/include/absl/strings/internal/cordz_update_tracker.h
    ../../../Phigros-Auto-play-System/out/vcpkg_installed/x64-windows/include/absl/strings/internal/resize_uninitialized.h
    ../../../Phigros-Auto-play-System/out/vcpkg_installed/x64-windows/include/absl/strings/internal/str_format/arg.h
    ../../../Phigros-Auto-play-System/out/vcpkg_installed/x64-windows/include/absl/strings/internal/str_format/bind.h
    ../../../Phigros-Auto-play-System/out/vcpkg_installed/x64-windows/include/absl/strings/internal/str_format/checker.h
    ../../../Phigros-Auto-play-System/out/vcpkg_installed/x64-windows/include/absl/strings/internal/str_format/constexpr_parser.h
    ../../../Phigros-Auto-play-System/out/vcpkg_installed/x64-windows/include/absl/strings/internal/str_format/extension.h
    ../../../Phigros-Auto-play-System/out/vcpkg_installed/x64-windows/include/absl/strings/internal/str_format/output.h
    ../../../Phigros-Auto-play-System/out/vcpkg_installed/x64-windows/include/absl/strings/internal/str_format/parser.h
    ../../../Phigros-Auto-play-System/out/vcpkg_installed/x64-windows/include/absl/strings/internal/string_constant.h
    ../../../Phigros-Auto-play-System/out/vcpkg_installed/x64-windows/include/absl/strings/internal/stringify_sink.h
    ../../../Phigros-Auto-play-System/out/vcpkg_installed/x64-windows/include/absl/strings/numbers.h
    ../../../Phigros-Auto-play-System/out/vcpkg_installed/x64-windows/include/absl/strings/resize_and_overwrite.h
    ../../../Phigros-Auto-play-System/out/vcpkg_installed/x64-windows/include/absl/strings/str_cat.h
    ../../../Phigros-Auto-play-System/out/vcpkg_installed/x64-windows/include/absl/strings/str_format.h
    ../../../Phigros-Auto-play-System/out/vcpkg_installed/x64-windows/include/absl/strings/string_view.h
    ../../../Phigros-Auto-play-System/out/vcpkg_installed/x64-windows/include/absl/synchronization/internal/create_thread_identity.h
    ../../../Phigros-Auto-play-System/out/vcpkg_installed/x64-windows/include/absl/synchronization/internal/kernel_timeout.h
    ../../../Phigros-Auto-play-System/out/vcpkg_installed/x64-windows/include/absl/synchronization/internal/per_thread_sem.h
    ../../../Phigros-Auto-play-System/out/vcpkg_installed/x64-windows/include/absl/synchronization/mutex.h
    ../../../Phigros-Auto-play-System/out/vcpkg_installed/x64-windows/include/absl/time/civil_time.h
    ../../../Phigros-Auto-play-System/out/vcpkg_installed/x64-windows/include/absl/time/clock.h
    ../../../Phigros-Auto-play-System/out/vcpkg_installed/x64-windows/include/absl/time/internal/cctz/include/cctz/civil_time.h
    ../../../Phigros-Auto-play-System/out/vcpkg_installed/x64-windows/include/absl/time/internal/cctz/include/cctz/civil_time_detail.h
    ../../../Phigros-Auto-play-System/out/vcpkg_installed/x64-windows/include/absl/time/internal/cctz/include/cctz/time_zone.h
    ../../../Phigros-Auto-play-System/out/vcpkg_installed/x64-windows/include/absl/time/time.h
    ../../../Phigros-Auto-play-System/out/vcpkg_installed/x64-windows/include/absl/types/compare.h
    ../../../Phigros-Auto-play-System/out/vcpkg_installed/x64-windows/include/absl/types/internal/span.h
    ../../../Phigros-Auto-play-System/out/vcpkg_installed/x64-windows/include/absl/types/optional.h
    ../../../Phigros-Auto-play-System/out/vcpkg_installed/x64-windows/include/absl/types/span.h
    ../../../Phigros-Auto-play-System/out/vcpkg_installed/x64-windows/include/absl/types/variant.h
    ../../../Phigros-Auto-play-System/out/vcpkg_installed/x64-windows/include/absl/utility/utility.h
    ../../../Phigros-Auto-play-System/out/vcpkg_installed/x64-windows/include/google/protobuf/any.h
    ../../../Phigros-Auto-play-System/out/vcpkg_installed/x64-windows/include/google/protobuf/any.pb.h
    ../../../Phigros-Auto-play-System/out/vcpkg_installed/x64-windows/include/google/protobuf/arena.h
    ../../../Phigros-Auto-play-System/out/vcpkg_installed/x64-windows/include/google/protobuf/arena_align.h
    ../../../Phigros-Auto-play-System/out/vcpkg_installed/x64-windows/include/google/protobuf/arena_allocation_policy.h
    ../../../Phigros-Auto-play-System/out/vcpkg_installed/x64-windows/include/google/protobuf/arena_cleanup.h
    ../../../Phigros-Auto-play-System/out/vcpkg_installed/x64-windows/include/google/protobuf/arenastring.h
    ../../../Phigros-Auto-play-System/out/vcpkg_installed/x64-windows/include/google/protobuf/arenaz_sampler.h
    ../../../Phigros-Auto-play-System/out/vcpkg_installed/x64-windows/include/google/protobuf/descriptor.h
    ../../../Phigros-Auto-play-System/out/vcpkg_installed/x64-windows/include/google/protobuf/descriptor.pb.h
    ../../../Phigros-Auto-play-System/out/vcpkg_installed/x64-windows/include/google/protobuf/descriptor_database.h
    ../../../Phigros-Auto-play-System/out/vcpkg_installed/x64-windows/include/google/protobuf/descriptor_lite.h
    ../../../Phigros-Auto-play-System/out/vcpkg_installed/x64-windows/include/google/protobuf/empty.pb.h
    ../../../Phigros-Auto-play-System/out/vcpkg_installed/x64-windows/include/google/protobuf/endian.h
    ../../../Phigros-Auto-play-System/out/vcpkg_installed/x64-windows/include/google/protobuf/explicitly_constructed.h
    ../../../Phigros-Auto-play-System/out/vcpkg_installed/x64-windows/include/google/protobuf/extension_set.h
    ../../../Phigros-Auto-play-System/out/vcpkg_installed/x64-windows/include/google/protobuf/generated_enum_reflection.h
    ../../../Phigros-Auto-play-System/out/vcpkg_installed/x64-windows/include/google/protobuf/generated_enum_util.h
    ../../../Phigros-Auto-play-System/out/vcpkg_installed/x64-windows/include/google/protobuf/generated_message_bases.h
    ../../../Phigros-Auto-play-System/out/vcpkg_installed/x64-windows/include/google/protobuf/generated_message_reflection.h
    ../../../Phigros-Auto-play-System/out/vcpkg_installed/x64-windows/include/google/protobuf/generated_message_tctable_decl.h
    ../../../Phigros-Auto-play-System/out/vcpkg_installed/x64-windows/include/google/protobuf/generated_message_util.h
    ../../../Phigros-Auto-play-System/out/vcpkg_installed/x64-windows/include/google/protobuf/has_bits.h
    ../../../Phigros-Auto-play-System/out/vcpkg_installed/x64-windows/include/google/protobuf/implicit_weak_message.h
    ../../../Phigros-Auto-play-System/out/vcpkg_installed/x64-windows/include/google/protobuf/inlined_string_field.h
    ../../../Phigros-Auto-play-System/out/vcpkg_installed/x64-windows/include/google/protobuf/internal_visibility.h
    ../../../Phigros-Auto-play-System/out/vcpkg_installed/x64-windows/include/google/protobuf/io/coded_stream.h
    ../../../Phigros-Auto-play-System/out/vcpkg_installed/x64-windows/include/google/protobuf/io/zero_copy_stream.h
    ../../../Phigros-Auto-play-System/out/vcpkg_installed/x64-windows/include/google/protobuf/io/zero_copy_stream_impl_lite.h
    ../../../Phigros-Auto-play-System/out/vcpkg_installed/x64-windows/include/google/protobuf/json/json.h
    ../../../Phigros-Auto-play-System/out/vcpkg_installed/x64-windows/include/google/protobuf/map.h
    ../../../Phigros-Auto-play-System/out/vcpkg_installed/x64-windows/include/google/protobuf/map_entry.h
    ../../../Phigros-Auto-play-System/out/vcpkg_installed/x64-windows/include/google/protobuf/map_field.h
    ../../../Phigros-Auto-play-System/out/vcpkg_installed/x64-windows/include/google/protobuf/map_type_handler.h
    ../../../Phigros-Auto-play-System/out/vcpkg_installed/x64-windows/include/google/protobuf/message.h
    ../../../Phigros-Auto-play-System/out/vcpkg_installed/x64-windows/include/google/protobuf/message_lite.h
    ../../../Phigros-Auto-play-System/out/vcpkg_installed/x64-windows/include/google/protobuf/metadata_lite.h
    ../../../Phigros-Auto-play-System/out/vcpkg_installed/x64-windows/include/google/protobuf/micro_string.h
    ../../../Phigros-Auto-play-System/out/vcpkg_installed/x64-windows/include/google/protobuf/os_macros_restore.inc
    ../../../Phigros-Auto-play-System/out/vcpkg_installed/x64-windows/include/google/protobuf/os_macros_undef.inc
    ../../../Phigros-Auto-play-System/out/vcpkg_installed/x64-windows/include/google/protobuf/parse_context.h
    ../../../Phigros-Auto-play-System/out/vcpkg_installed/x64-windows/include/google/protobuf/port.h
    ../../../Phigros-Auto-play-System/out/vcpkg_installed/x64-windows/include/google/protobuf/port_def.inc
    ../../../Phigros-Auto-play-System/out/vcpkg_installed/x64-windows/include/google/protobuf/port_undef.inc
    ../../../Phigros-Auto-play-System/out/vcpkg_installed/x64-windows/include/google/protobuf/reflection.h
    ../../../Phigros-Auto-play-System/out/vcpkg_installed/x64-windows/include/google/protobuf/repeated_field.h
    ../../../Phigros-Auto-play-System/out/vcpkg_installed/x64-windows/include/google/protobuf/repeated_ptr_field.h
    ../../../Phigros-Auto-play-System/out/vcpkg_installed/x64-windows/include/google/protobuf/runtime_version.h
    ../../../Phigros-Auto-play-System/out/vcpkg_installed/x64-windows/include/google/protobuf/serial_arena.h
    ../../../Phigros-Auto-play-System/out/vcpkg_installed/x64-windows/include/google/protobuf/source_context.pb.h
    ../../../Phigros-Auto-play-System/out/vcpkg_installed/x64-windows/include/google/protobuf/string_block.h
    ../../../Phigros-Auto-play-System/out/vcpkg_installed/x64-windows/include/google/protobuf/stubs/common.h
    ../../../Phigros-Auto-play-System/out/vcpkg_installed/x64-windows/include/google/protobuf/stubs/platform_macros.h
    ../../../Phigros-Auto-play-System/out/vcpkg_installed/x64-windows/include/google/protobuf/stubs/port.h
    ../../../Phigros-Auto-play-System/out/vcpkg_installed/x64-windows/include/google/protobuf/thread_safe_arena.h
    ../../../Phigros-Auto-play-System/out/vcpkg_installed/x64-windows/include/google/protobuf/type.pb.h
    ../../../Phigros-Auto-play-System/out/vcpkg_installed/x64-windows/include/google/protobuf/unknown_field_set.h
    ../../../Phigros-Auto-play-System/out/vcpkg_installed/x64-windows/include/google/protobuf/util/json_util.h
    ../../../Phigros-Auto-play-System/out/vcpkg_installed/x64-windows/include/google/protobuf/util/type_resolver.h
    ../../../Phigros-Auto-play-System/out/vcpkg_installed/x64-windows/include/google/protobuf/util/type_resolver_util.h
    ../../../Phigros-Auto-play-System/out/vcpkg_installed/x64-windows/include/google/protobuf/wire_format_lite.h
    ../../../Phigros-Auto-play-System/out/vcpkg_installed/x64-windows/include/grpc/byte_buffer.h
    ../../../Phigros-Auto-play-System/out/vcpkg_installed/x64-windows/include/grpc/byte_buffer_reader.h
    ../../../Phigros-Auto-play-System/out/vcpkg_installed/x64-windows/include/grpc/compression.h
    ../../../Phigros-Auto-play-System/out/vcpkg_installed/x64-windows/include/grpc/context_types.h
    ../../../Phigros-Auto-play-System/out/vcpkg_installed/x64-windows/include/grpc/credentials.h
    ../../../Phigros-Auto-play-System/out/vcpkg_installed/x64-windows/include/grpc/event_engine/endpoint_config.h
    ../../../Phigros-Auto-play-System/out/vcpkg_installed/x64-windows/include/grpc/event_engine/event_engine.h
    ../../../Phigros-Auto-play-System/out/vcpkg_installed/x64-windows/include/grpc/event_engine/extensible.h
    ../../../Phigros-Auto-play-System/out/vcpkg_installed/x64-windows/include/grpc/event_engine/internal/memory_allocator_impl.h
    ../../../Phigros-Auto-play-System/out/vcpkg_installed/x64-windows/include/grpc/event_engine/internal/slice_cast.h
    ../../../Phigros-Auto-play-System/out/vcpkg_installed/x64-windows/include/grpc/event_engine/internal/write_event.h
    ../../../Phigros-Auto-play-System/out/vcpkg_installed/x64-windows/include/grpc/event_engine/memory_allocator.h
    ../../../Phigros-Auto-play-System/out/vcpkg_installed/x64-windows/include/grpc/event_engine/memory_request.h
    ../../../Phigros-Auto-play-System/out/vcpkg_installed/x64-windows/include/grpc/event_engine/port.h
    ../../../Phigros-Auto-play-System/out/vcpkg_installed/x64-windows/include/grpc/event_engine/slice.h
    ../../../Phigros-Auto-play-System/out/vcpkg_installed/x64-windows/include/grpc/event_engine/slice_buffer.h
    ../../../Phigros-Auto-play-System/out/vcpkg_installed/x64-windows/include/grpc/grpc.h
    ../../../Phigros-Auto-play-System/out/vcpkg_installed/x64-windows/include/grpc/grpc_crl_provider.h
    ../../../Phigros-Auto-play-System/out/vcpkg_installed/x64-windows/include/grpc/grpc_security.h
    ../../../Phigros-Auto-play-System/out/vcpkg_installed/x64-windows/include/grpc/grpc_security_constants.h
    ../../../Phigros-Auto-play-System/out/vcpkg_installed/x64-windows/include/grpc/impl/call.h
    ../../../Phigros-Auto-play-System/out/vcpkg_installed/x64-windows/include/grpc/impl/channel_arg_names.h
    ../../../Phigros-Auto-play-System/out/vcpkg_installed/x64-windows/include/grpc/impl/codegen/gpr_types.h
    ../../../Phigros-Auto-play-System/out/vcpkg_installed/x64-windows/include/grpc/impl/codegen/port_platform.h
    ../../../Phigros-Auto-play-System/out/vcpkg_installed/x64-windows/include/grpc/impl/codegen/slice.h
    ../../../Phigros-Auto-play-System/out/vcpkg_installed/x64-windows/include/grpc/impl/compression_types.h
    ../../../Phigros-Auto-play-System/out/vcpkg_installed/x64-windows/include/grpc/impl/connectivity_state.h
    ../../../Phigros-Auto-play-System/out/vcpkg_installed/x64-windows/include/grpc/impl/grpc_types.h
    ../../../Phigros-Auto-play-System/out/vcpkg_installed/x64-windows/include/grpc/impl/propagation_bits.h
    ../../../Phigros-Auto-play-System/out/vcpkg_installed/x64-windows/include/grpc/impl/slice_type.h
    ../../../Phigros-Auto-play-System/out/vcpkg_installed/x64-windows/include/grpc/passive_listener.h
    ../../../Phigros-Auto-play-System/out/vcpkg_installed/x64-windows/include/grpc/private_key_signer.h
    ../../../Phigros-Auto-play-System/out/vcpkg_installed/x64-windows/include/grpc/slice.h
    ../../../Phigros-Auto-play-System/out/vcpkg_installed/x64-windows/include/grpc/slice_buffer.h
    ../../../Phigros-Auto-play-System/out/vcpkg_installed/x64-windows/include/grpc/status.h
    ../../../Phigros-Auto-play-System/out/vcpkg_installed/x64-windows/include/grpc/support/alloc.h
    ../../../Phigros-Auto-play-System/out/vcpkg_installed/x64-windows/include/grpc/support/atm.h
    ../../../Phigros-Auto-play-System/out/vcpkg_installed/x64-windows/include/grpc/support/atm_windows.h
    ../../../Phigros-Auto-play-System/out/vcpkg_installed/x64-windows/include/grpc/support/cpu.h
    ../../../Phigros-Auto-play-System/out/vcpkg_installed/x64-windows/include/grpc/support/port_platform.h
    ../../../Phigros-Auto-play-System/out/vcpkg_installed/x64-windows/include/grpc/support/sync.h
    ../../../Phigros-Auto-play-System/out/vcpkg_installed/x64-windows/include/grpc/support/sync_abseil.h
    ../../../Phigros-Auto-play-System/out/vcpkg_installed/x64-windows/include/grpc/support/sync_generic.h
    ../../../Phigros-Auto-play-System/out/vcpkg_installed/x64-windows/include/grpc/support/time.h
    ../../../Phigros-Auto-play-System/out/vcpkg_installed/x64-windows/include/grpc/support/workaround_list.h
    ../../../Phigros-Auto-play-System/out/vcpkg_installed/x64-windows/include/grpcpp/call_context_types.h
    ../../../Phigros-Auto-play-System/out/vcpkg_installed/x64-windows/include/grpcpp/channel.h
    ../../../Phigros-Auto-play-System/out/vcpkg_installed/x64-windows/include/grpcpp/client_context.h
    ../../../Phigros-Auto-play-System/out/vcpkg_installed/x64-windows/include/grpcpp/completion_queue.h
    ../../../Phigros-Auto-play-System/out/vcpkg_installed/x64-windows/include/grpcpp/create_channel.h
    ../../../Phigros-Auto-play-System/out/vcpkg_installed/x64-windows/include/grpcpp/create_channel_posix.h
    ../../../Phigros-Auto-play-System/out/vcpkg_installed/x64-windows/include/grpcpp/generic/async_generic_service.h
    ../../../Phigros-Auto-play-System/out/vcpkg_installed/x64-windows/include/grpcpp/generic/callback_generic_service.h
    ../../../Phigros-Auto-play-System/out/vcpkg_installed/x64-windows/include/grpcpp/grpcpp.h
    ../../../Phigros-Auto-play-System/out/vcpkg_installed/x64-windows/include/grpcpp/health_check_service_interface.h
    ../../../Phigros-Auto-play-System/out/vcpkg_installed/x64-windows/include/grpcpp/impl/allowed_call_context_types.h
    ../../../Phigros-Auto-play-System/out/vcpkg_installed/x64-windows/include/grpcpp/impl/call.h
    ../../../Phigros-Auto-play-System/out/vcpkg_installed/x64-windows/include/grpcpp/impl/call_context_registry.h
    ../../../Phigros-Auto-play-System/out/vcpkg_installed/x64-windows/include/grpcpp/impl/call_op_set.h
    ../../../Phigros-Auto-play-System/out/vcpkg_installed/x64-windows/include/grpcpp/impl/call_op_set_interface.h
    ../../../Phigros-Auto-play-System/out/vcpkg_installed/x64-windows/include/grpcpp/impl/channel_argument_option.h
    ../../../Phigros-Auto-play-System/out/vcpkg_installed/x64-windows/include/grpcpp/impl/channel_interface.h
    ../../../Phigros-Auto-play-System/out/vcpkg_installed/x64-windows/include/grpcpp/impl/codegen/channel_interface.h
    ../../../Phigros-Auto-play-System/out/vcpkg_installed/x64-windows/include/grpcpp/impl/codegen/config.h
    ../../../Phigros-Auto-play-System/out/vcpkg_installed/x64-windows/include/grpcpp/impl/codegen/config_protobuf.h
    ../../../Phigros-Auto-play-System/out/vcpkg_installed/x64-windows/include/grpcpp/impl/codegen/create_auth_context.h
    ../../../Phigros-Auto-play-System/out/vcpkg_installed/x64-windows/include/grpcpp/impl/codegen/intercepted_channel.h
    ../../../Phigros-Auto-play-System/out/vcpkg_installed/x64-windows/include/grpcpp/impl/codegen/interceptor_common.h
    ../../../Phigros-Auto-play-System/out/vcpkg_installed/x64-windows/include/grpcpp/impl/codegen/metadata_map.h
    ../../../Phigros-Auto-play-System/out/vcpkg_installed/x64-windows/include/grpcpp/impl/codegen/rpc_service_method.h
    ../../../Phigros-Auto-play-System/out/vcpkg_installed/x64-windows/include/grpcpp/impl/codegen/sync.h
    ../../../Phigros-Auto-play-System/out/vcpkg_installed/x64-windows/include/grpcpp/impl/codegen/time.h
    ../../../Phigros-Auto-play-System/out/vcpkg_installed/x64-windows/include/grpcpp/impl/completion_queue_tag.h
    ../../../Phigros-Auto-play-System/out/vcpkg_installed/x64-windows/include/grpcpp/impl/create_auth_context.h
    ../../../Phigros-Auto-play-System/out/vcpkg_installed/x64-windows/include/grpcpp/impl/generic_serialize.h
    ../../../Phigros-Auto-play-System/out/vcpkg_installed/x64-windows/include/grpcpp/impl/grpc_library.h
    ../../../Phigros-Auto-play-System/out/vcpkg_installed/x64-windows/include/grpcpp/impl/intercepted_channel.h
    ../../../Phigros-Auto-play-System/out/vcpkg_installed/x64-windows/include/grpcpp/impl/interceptor_common.h
    ../../../Phigros-Auto-play-System/out/vcpkg_installed/x64-windows/include/grpcpp/impl/metadata_map.h
    ../../../Phigros-Auto-play-System/out/vcpkg_installed/x64-windows/include/grpcpp/impl/proto_utils.h
    ../../../Phigros-Auto-play-System/out/vcpkg_installed/x64-windows/include/grpcpp/impl/rpc_method.h
    ../../../Phigros-Auto-play-System/out/vcpkg_installed/x64-windows/include/grpcpp/impl/rpc_service_method.h
    ../../../Phigros-Auto-play-System/out/vcpkg_installed/x64-windows/include/grpcpp/impl/serialization_traits.h
    ../../../Phigros-Auto-play-System/out/vcpkg_installed/x64-windows/include/grpcpp/impl/server_builder_option.h
    ../../../Phigros-Auto-play-System/out/vcpkg_installed/x64-windows/include/grpcpp/impl/server_builder_plugin.h
    ../../../Phigros-Auto-play-System/out/vcpkg_installed/x64-windows/include/grpcpp/impl/server_callback_handlers.h
    ../../../Phigros-Auto-play-System/out/vcpkg_installed/x64-windows/include/grpcpp/impl/service_type.h
    ../../../Phigros-Auto-play-System/out/vcpkg_installed/x64-windows/include/grpcpp/impl/status.h
    ../../../Phigros-Auto-play-System/out/vcpkg_installed/x64-windows/include/grpcpp/impl/sync.h
    ../../../Phigros-Auto-play-System/out/vcpkg_installed/x64-windows/include/grpcpp/passive_listener.h
    ../../../Phigros-Auto-play-System/out/vcpkg_installed/x64-windows/include/grpcpp/ports_def.inc
    ../../../Phigros-Auto-play-System/out/vcpkg_installed/x64-windows/include/grpcpp/ports_undef.inc
    ../../../Phigros-Auto-play-System/out/vcpkg_installed/x64-windows/include/grpcpp/resource_quota.h
    ../../../Phigros-Auto-play-System/out/vcpkg_installed/x64-windows/include/grpcpp/security/auth_context.h
    ../../../Phigros-Auto-play-System/out/vcpkg_installed/x64-windows/include/grpcpp/security/auth_metadata_processor.h
    ../../../Phigros-Auto-play-System/out/vcpkg_installed/x64-windows/include/grpcpp/security/authorization_policy_provider.h
    ../../../Phigros-Auto-play-System/out/vcpkg_installed/x64-windows/include/grpcpp/security/credentials.h
    ../../../Phigros-Auto-play-System/out/vcpkg_installed/x64-windows/include/grpcpp/security/server_credentials.h
    ../../../Phigros-Auto-play-System/out/vcpkg_installed/x64-windows/include/grpcpp/security/tls_certificate_provider.h
    ../../../Phigros-Auto-play-System/out/vcpkg_installed/x64-windows/include/grpcpp/security/tls_certificate_verifier.h
    ../../../Phigros-Auto-play-System/out/vcpkg_installed/x64-windows/include/grpcpp/security/tls_credentials_options.h
    ../../../Phigros-Auto-play-System/out/vcpkg_installed/x64-windows/include/grpcpp/security/tls_crl_provider.h
    ../../../Phigros-Auto-play-System/out/vcpkg_installed/x64-windows/include/grpcpp/security/tls_private_key_signer.h
    ../../../Phigros-Auto-play-System/out/vcpkg_installed/x64-windows/include/grpcpp/server.h
    ../../../Phigros-Auto-play-System/out/vcpkg_installed/x64-windows/include/grpcpp/server_builder.h
    ../../../Phigros-Auto-play-System/out/vcpkg_installed/x64-windows/include/grpcpp/server_context.h
    ../../../Phigros-Auto-play-System/out/vcpkg_installed/x64-windows/include/grpcpp/server_interface.h
    ../../../Phigros-Auto-play-System/out/vcpkg_installed/x64-windows/include/grpcpp/server_posix.h
    ../../../Phigros-Auto-play-System/out/vcpkg_installed/x64-windows/include/grpcpp/support/async_stream.h
    ../../../Phigros-Auto-play-System/out/vcpkg_installed/x64-windows/include/grpcpp/support/async_unary_call.h
    ../../../Phigros-Auto-play-System/out/vcpkg_installed/x64-windows/include/grpcpp/support/byte_buffer.h
    ../../../Phigros-Auto-play-System/out/vcpkg_installed/x64-windows/include/grpcpp/support/callback_common.h
    ../../../Phigros-Auto-play-System/out/vcpkg_installed/x64-windows/include/grpcpp/support/channel_arguments.h
    ../../../Phigros-Auto-play-System/out/vcpkg_installed/x64-windows/include/grpcpp/support/client_callback.h
    ../../../Phigros-Auto-play-System/out/vcpkg_installed/x64-windows/include/grpcpp/support/client_interceptor.h
    ../../../Phigros-Auto-play-System/out/vcpkg_installed/x64-windows/include/grpcpp/support/config.h
    ../../../Phigros-Auto-play-System/out/vcpkg_installed/x64-windows/include/grpcpp/support/global_callback_hook.h
    ../../../Phigros-Auto-play-System/out/vcpkg_installed/x64-windows/include/grpcpp/support/interceptor.h
    ../../../Phigros-Auto-play-System/out/vcpkg_installed/x64-windows/include/grpcpp/support/message_allocator.h
    ../../../Phigros-Auto-play-System/out/vcpkg_installed/x64-windows/include/grpcpp/support/method_handler.h
    ../../../Phigros-Auto-play-System/out/vcpkg_installed/x64-windows/include/grpcpp/support/proto_buffer_reader.h
    ../../../Phigros-Auto-play-System/out/vcpkg_installed/x64-windows/include/grpcpp/support/proto_buffer_writer.h
    ../../../Phigros-Auto-play-System/out/vcpkg_installed/x64-windows/include/grpcpp/support/server_callback.h
    ../../../Phigros-Auto-play-System/out/vcpkg_installed/x64-windows/include/grpcpp/support/server_interceptor.h
    ../../../Phigros-Auto-play-System/out/vcpkg_installed/x64-windows/include/grpcpp/support/slice.h
    ../../../Phigros-Auto-play-System/out/vcpkg_installed/x64-windows/include/grpcpp/support/status.h
    ../../../Phigros-Auto-play-System/out/vcpkg_installed/x64-windows/include/grpcpp/support/status_code_enum.h
    ../../../Phigros-Auto-play-System/out/vcpkg_installed/x64-windows/include/grpcpp/support/string_ref.h
    ../../../Phigros-Auto-play-System/out/vcpkg_installed/x64-windows/include/grpcpp/support/stub_options.h
    ../../../Phigros-Auto-play-System/out/vcpkg_installed/x64-windows/include/grpcpp/support/sync_stream.h
    ../../../Phigros-Auto-play-System/out/vcpkg_installed/x64-windows/include/grpcpp/support/time.h
    ../../../Phigros-Auto-play-System/out/vcpkg_installed/x64-windows/include/grpcpp/version_info.h
    ../../../Phigros-Auto-play-System/out/vcpkg_installed/x64-windows/include/nlohmann/adl_serializer.hpp
    ../../../Phigros-Auto-play-System/out/vcpkg_installed/x64-windows/include/nlohmann/byte_container_with_subtype.hpp
    ../../../Phigros-Auto-play-System/out/vcpkg_installed/x64-windows/include/nlohmann/detail/abi_macros.hpp
    ../../../Phigros-Auto-play-System/out/vcpkg_installed/x64-windows/include/nlohmann/detail/conversions/from_json.hpp
    ../../../Phigros-Auto-play-System/out/vcpkg_installed/x64-windows/include/nlohmann/detail/conversions/to_chars.hpp
    ../../../Phigros-Auto-play-System/out/vcpkg_installed/x64-windows/include/nlohmann/detail/conversions/to_json.hpp
    ../../../Phigros-Auto-play-System/out/vcpkg_installed/x64-windows/include/nlohmann/detail/exceptions.hpp
    ../../../Phigros-Auto-play-System/out/vcpkg_installed/x64-windows/include/nlohmann/detail/hash.hpp
    ../../../Phigros-Auto-play-System/out/vcpkg_installed/x64-windows/include/nlohmann/detail/input/binary_reader.hpp
    ../../../Phigros-Auto-play-System/out/vcpkg_installed/x64-windows/include/nlohmann/detail/input/input_adapters.hpp
    ../../../Phigros-Auto-play-System/out/vcpkg_installed/x64-windows/include/nlohmann/detail/input/json_sax.hpp
    ../../../Phigros-Auto-play-System/out/vcpkg_installed/x64-windows/include/nlohmann/detail/input/lexer.hpp
    ../../../Phigros-Auto-play-System/out/vcpkg_installed/x64-windows/include/nlohmann/detail/input/parser.hpp
    ../../../Phigros-Auto-play-System/out/vcpkg_installed/x64-windows/include/nlohmann/detail/input/position_t.hpp
    ../../../Phigros-Auto-play-System/out/vcpkg_installed/x64-windows/include/nlohmann/detail/iterators/internal_iterator.hpp
    ../../../Phigros-Auto-play-System/out/vcpkg_installed/x64-windows/include/nlohmann/detail/iterators/iter_impl.hpp
    ../../../Phigros-Auto-play-System/out/vcpkg_installed/x64-windows/include/nlohmann/detail/iterators/iteration_proxy.hpp
    ../../../Phigros-Auto-play-System/out/vcpkg_installed/x64-windows/include/nlohmann/detail/iterators/iterator_traits.hpp
    ../../../Phigros-Auto-play-System/out/vcpkg_installed/x64-windows/include/nlohmann/detail/iterators/json_reverse_iterator.hpp
    ../../../Phigros-Auto-play-System/out/vcpkg_installed/x64-windows/include/nlohmann/detail/iterators/primitive_iterator.hpp
    ../../../Phigros-Auto-play-System/out/vcpkg_installed/x64-windows/include/nlohmann/detail/json_custom_base_class.hpp
    ../../../Phigros-Auto-play-System/out/vcpkg_installed/x64-windows/include/nlohmann/detail/json_pointer.hpp
    ../../../Phigros-Auto-play-System/out/vcpkg_installed/x64-windows/include/nlohmann/detail/json_ref.hpp
    ../../../Phigros-Auto-play-System/out/vcpkg_installed/x64-windows/include/nlohmann/detail/macro_scope.hpp
    ../../../Phigros-Auto-play-System/out/vcpkg_installed/x64-windows/include/nlohmann/detail/macro_unscope.hpp
    ../../../Phigros-Auto-play-System/out/vcpkg_installed/x64-windows/include/nlohmann/detail/meta/call_std/begin.hpp
    ../../../Phigros-Auto-play-System/out/vcpkg_installed/x64-windows/include/nlohmann/detail/meta/call_std/end.hpp
    ../../../Phigros-Auto-play-System/out/vcpkg_installed/x64-windows/include/nlohmann/detail/meta/cpp_future.hpp
    ../../../Phigros-Auto-play-System/out/vcpkg_installed/x64-windows/include/nlohmann/detail/meta/detected.hpp
    ../../../Phigros-Auto-play-System/out/vcpkg_installed/x64-windows/include/nlohmann/detail/meta/identity_tag.hpp
    ../../../Phigros-Auto-play-System/out/vcpkg_installed/x64-windows/include/nlohmann/detail/meta/is_sax.hpp
    ../../../Phigros-Auto-play-System/out/vcpkg_installed/x64-windows/include/nlohmann/detail/meta/std_fs.hpp
    ../../../Phigros-Auto-play-System/out/vcpkg_installed/x64-windows/include/nlohmann/detail/meta/type_traits.hpp
    ../../../Phigros-Auto-play-System/out/vcpkg_installed/x64-windows/include/nlohmann/detail/meta/void_t.hpp
    ../../../Phigros-Auto-play-System/out/vcpkg_installed/x64-windows/include/nlohmann/detail/output/binary_writer.hpp
    ../../../Phigros-Auto-play-System/out/vcpkg_installed/x64-windows/include/nlohmann/detail/output/output_adapters.hpp
    ../../../Phigros-Auto-play-System/out/vcpkg_installed/x64-windows/include/nlohmann/detail/output/serializer.hpp
    ../../../Phigros-Auto-play-System/out/vcpkg_installed/x64-windows/include/nlohmann/detail/string_concat.hpp
    ../../../Phigros-Auto-play-System/out/vcpkg_installed/x64-windows/include/nlohmann/detail/string_escape.hpp
    ../../../Phigros-Auto-play-System/out/vcpkg_installed/x64-windows/include/nlohmann/detail/string_utils.hpp
    ../../../Phigros-Auto-play-System/out/vcpkg_installed/x64-windows/include/nlohmann/detail/value_t.hpp
    ../../../Phigros-Auto-play-System/out/vcpkg_installed/x64-windows/include/nlohmann/json.hpp
    ../../../Phigros-Auto-play-System/out/vcpkg_installed/x64-windows/include/nlohmann/json_fwd.hpp
    ../../../Phigros-Auto-play-System/out/vcpkg_installed/x64-windows/include/nlohmann/ordered_map.hpp
    ../../../Phigros-Auto-play-System/out/vcpkg_installed/x64-windows/include/nlohmann/thirdparty/hedley/hedley.hpp
    ../../../Phigros-Auto-play-System/out/vcpkg_installed/x64-windows/include/nlohmann/thirdparty/hedley/hedley_undef.hpp
    ../../../Phigros-Auto-play-System/out/vcpkg_installed/x64-windows/include/utf8_range.h
    ../../../Phigros-Auto-play-System/out/vcpkg_installed/x64-windows/include/utf8_validity.h
    ../../include/pas/adb.hpp
    ../../include/pas/analysis.hpp
    ../../include/pas/config.hpp
    ../../include/pas/core.hpp
    ../../include/pas/emulator.hpp
    ../../include/pas/game.hpp
    ../../include/pas/game_dataset.hpp
    ../../include/pas/game_tracking.hpp
    ../../include/pas/game_tracking_shadow.hpp
    ../../include/pas/grpc_transport.hpp
    ../../include/pas/journal.hpp
    ../../include/pas/preview.hpp
    ../../include/pas/runtime.hpp
    ../../include/pas/strategy_version.hpp
    ../win-r4-ninja-release-01/generated/emulator_controller.grpc.pb.h
    ../win-r4-ninja-release-01/generated/emulator_controller.pb.h

CMakeFiles/cost_analysis.dir/cost_analysis.cpp.obj: #deps 46, deps mtime 8129904240482895 (VALID)
    ../../../Phigros-Auto-play-System/out/vcpkg_installed/x64-windows/include/nlohmann/adl_serializer.hpp
    ../../../Phigros-Auto-play-System/out/vcpkg_installed/x64-windows/include/nlohmann/byte_container_with_subtype.hpp
    ../../../Phigros-Auto-play-System/out/vcpkg_installed/x64-windows/include/nlohmann/detail/abi_macros.hpp
    ../../../Phigros-Auto-play-System/out/vcpkg_installed/x64-windows/include/nlohmann/detail/conversions/from_json.hpp
    ../../../Phigros-Auto-play-System/out/vcpkg_installed/x64-windows/include/nlohmann/detail/conversions/to_chars.hpp
    ../../../Phigros-Auto-play-System/out/vcpkg_installed/x64-windows/include/nlohmann/detail/conversions/to_json.hpp
    ../../../Phigros-Auto-play-System/out/vcpkg_installed/x64-windows/include/nlohmann/detail/exceptions.hpp
    ../../../Phigros-Auto-play-System/out/vcpkg_installed/x64-windows/include/nlohmann/detail/hash.hpp
    ../../../Phigros-Auto-play-System/out/vcpkg_installed/x64-windows/include/nlohmann/detail/input/binary_reader.hpp
    ../../../Phigros-Auto-play-System/out/vcpkg_installed/x64-windows/include/nlohmann/detail/input/input_adapters.hpp
    ../../../Phigros-Auto-play-System/out/vcpkg_installed/x64-windows/include/nlohmann/detail/input/json_sax.hpp
    ../../../Phigros-Auto-play-System/out/vcpkg_installed/x64-windows/include/nlohmann/detail/input/lexer.hpp
    ../../../Phigros-Auto-play-System/out/vcpkg_installed/x64-windows/include/nlohmann/detail/input/parser.hpp
    ../../../Phigros-Auto-play-System/out/vcpkg_installed/x64-windows/include/nlohmann/detail/input/position_t.hpp
    ../../../Phigros-Auto-play-System/out/vcpkg_installed/x64-windows/include/nlohmann/detail/iterators/internal_iterator.hpp
    ../../../Phigros-Auto-play-System/out/vcpkg_installed/x64-windows/include/nlohmann/detail/iterators/iter_impl.hpp
    ../../../Phigros-Auto-play-System/out/vcpkg_installed/x64-windows/include/nlohmann/detail/iterators/iteration_proxy.hpp
    ../../../Phigros-Auto-play-System/out/vcpkg_installed/x64-windows/include/nlohmann/detail/iterators/iterator_traits.hpp
    ../../../Phigros-Auto-play-System/out/vcpkg_installed/x64-windows/include/nlohmann/detail/iterators/json_reverse_iterator.hpp
    ../../../Phigros-Auto-play-System/out/vcpkg_installed/x64-windows/include/nlohmann/detail/iterators/primitive_iterator.hpp
    ../../../Phigros-Auto-play-System/out/vcpkg_installed/x64-windows/include/nlohmann/detail/json_custom_base_class.hpp
    ../../../Phigros-Auto-play-System/out/vcpkg_installed/x64-windows/include/nlohmann/detail/json_pointer.hpp
    ../../../Phigros-Auto-play-System/out/vcpkg_installed/x64-windows/include/nlohmann/detail/json_ref.hpp
    ../../../Phigros-Auto-play-System/out/vcpkg_installed/x64-windows/include/nlohmann/detail/macro_scope.hpp
    ../../../Phigros-Auto-play-System/out/vcpkg_installed/x64-windows/include/nlohmann/detail/macro_unscope.hpp
    ../../../Phigros-Auto-play-System/out/vcpkg_installed/x64-windows/include/nlohmann/detail/meta/call_std/begin.hpp
    ../../../Phigros-Auto-play-System/out/vcpkg_installed/x64-windows/include/nlohmann/detail/meta/call_std/end.hpp
    ../../../Phigros-Auto-play-System/out/vcpkg_installed/x64-windows/include/nlohmann/detail/meta/cpp_future.hpp
    ../../../Phigros-Auto-play-System/out/vcpkg_installed/x64-windows/include/nlohmann/detail/meta/detected.hpp
    ../../../Phigros-Auto-play-System/out/vcpkg_installed/x64-windows/include/nlohmann/detail/meta/identity_tag.hpp
    ../../../Phigros-Auto-play-System/out/vcpkg_installed/x64-windows/include/nlohmann/detail/meta/is_sax.hpp
    ../../../Phigros-Auto-play-System/out/vcpkg_installed/x64-windows/include/nlohmann/detail/meta/std_fs.hpp
    ../../../Phigros-Auto-play-System/out/vcpkg_installed/x64-windows/include/nlohmann/detail/meta/type_traits.hpp
    ../../../Phigros-Auto-play-System/out/vcpkg_installed/x64-windows/include/nlohmann/detail/meta/void_t.hpp
    ../../../Phigros-Auto-play-System/out/vcpkg_installed/x64-windows/include/nlohmann/detail/output/binary_writer.hpp
    ../../../Phigros-Auto-play-System/out/vcpkg_installed/x64-windows/include/nlohmann/detail/output/output_adapters.hpp
    ../../../Phigros-Auto-play-System/out/vcpkg_installed/x64-windows/include/nlohmann/detail/output/serializer.hpp
    ../../../Phigros-Auto-play-System/out/vcpkg_installed/x64-windows/include/nlohmann/detail/string_concat.hpp
    ../../../Phigros-Auto-play-System/out/vcpkg_installed/x64-windows/include/nlohmann/detail/string_escape.hpp
    ../../../Phigros-Auto-play-System/out/vcpkg_installed/x64-windows/include/nlohmann/detail/string_utils.hpp
    ../../../Phigros-Auto-play-System/out/vcpkg_installed/x64-windows/include/nlohmann/detail/value_t.hpp
    ../../../Phigros-Auto-play-System/out/vcpkg_installed/x64-windows/include/nlohmann/json.hpp
    ../../../Phigros-Auto-play-System/out/vcpkg_installed/x64-windows/include/nlohmann/json_fwd.hpp
    ../../../Phigros-Auto-play-System/out/vcpkg_installed/x64-windows/include/nlohmann/ordered_map.hpp
    ../../../Phigros-Auto-play-System/out/vcpkg_installed/x64-windows/include/nlohmann/thirdparty/hedley/hedley.hpp
    ../../../Phigros-Auto-play-System/out/vcpkg_installed/x64-windows/include/nlohmann/thirdparty/hedley/hedley_undef.hpp

CMakeFiles/formal_affected.dir/C_/Users/wurre/Desktop/PAS-zero-miss-r4-20261006/tests/game_tests.cpp.obj: #deps 414, deps mtime 8129904490740952 (VALID)
    ../../../Phigros-Auto-play-System/out/vcpkg_installed/x64-windows/include/absl/algorithm/algorithm.h
    ../../../Phigros-Auto-play-System/out/vcpkg_installed/x64-windows/include/absl/algorithm/container.h
    ../../../Phigros-Auto-play-System/out/vcpkg_installed/x64-windows/include/absl/base/attributes.h
    ../../../Phigros-Auto-play-System/out/vcpkg_installed/x64-windows/include/absl/base/call_once.h
    ../../../Phigros-Auto-play-System/out/vcpkg_installed/x64-windows/include/absl/base/casts.h
    ../../../Phigros-Auto-play-System/out/vcpkg_installed/x64-windows/include/absl/base/config.h
    ../../../Phigros-Auto-play-System/out/vcpkg_installed/x64-windows/include/absl/base/const_init.h
    ../../../Phigros-Auto-play-System/out/vcpkg_installed/x64-windows/include/absl/base/dynamic_annotations.h
    ../../../Phigros-Auto-play-System/out/vcpkg_installed/x64-windows/include/absl/base/internal/atomic_hook.h
    ../../../Phigros-Auto-play-System/out/vcpkg_installed/x64-windows/include/absl/base/internal/dynamic_annotations.h
    ../../../Phigros-Auto-play-System/out/vcpkg_installed/x64-windows/include/absl/base/internal/endian.h
    ../../../Phigros-Auto-play-System/out/vcpkg_installed/x64-windows/include/absl/base/internal/errno_saver.h
    ../../../Phigros-Auto-play-System/out/vcpkg_installed/x64-windows/include/absl/base/internal/iterator_traits.h
    ../../../Phigros-Auto-play-System/out/vcpkg_installed/x64-windows/include/absl/base/internal/low_level_scheduling.h
    ../../../Phigros-Auto-play-System/out/vcpkg_installed/x64-windows/include/absl/base/internal/per_thread_tls.h
    ../../../Phigros-Auto-play-System/out/vcpkg_installed/x64-windows/include/absl/base/internal/raw_logging.h
    ../../../Phigros-Auto-play-System/out/vcpkg_installed/x64-windows/include/absl/base/internal/scheduling_mode.h
    ../../../Phigros-Auto-play-System/out/vcpkg_installed/x64-windows/include/absl/base/internal/spinlock_wait.h
    ../../../Phigros-Auto-play-System/out/vcpkg_installed/x64-windows/include/absl/base/internal/thread_identity.h
    ../../../Phigros-Auto-play-System/out/vcpkg_installed/x64-windows/include/absl/base/internal/throw_delegate.h
    ../../../Phigros-Auto-play-System/out/vcpkg_installed/x64-windows/include/absl/base/internal/tsan_mutex_interface.h
    ../../../Phigros-Auto-play-System/out/vcpkg_installed/x64-windows/include/absl/base/internal/unaligned_access.h
    ../../../Phigros-Auto-play-System/out/vcpkg_installed/x64-windows/include/absl/base/log_severity.h
    ../../../Phigros-Auto-play-System/out/vcpkg_installed/x64-windows/include/absl/base/macros.h
    ../../../Phigros-Auto-play-System/out/vcpkg_installed/x64-windows/include/absl/base/nullability.h
    ../../../Phigros-Auto-play-System/out/vcpkg_installed/x64-windows/include/absl/base/optimization.h
    ../../../Phigros-Auto-play-System/out/vcpkg_installed/x64-windows/include/absl/base/options.h
    ../../../Phigros-Auto-play-System/out/vcpkg_installed/x64-windows/include/absl/base/policy_checks.h
    ../../../Phigros-Auto-play-System/out/vcpkg_installed/x64-windows/include/absl/base/port.h
    ../../../Phigros-Auto-play-System/out/vcpkg_installed/x64-windows/include/absl/base/prefetch.h
    ../../../Phigros-Auto-play-System/out/vcpkg_installed/x64-windows/include/absl/base/thread_annotations.h
    ../../../Phigros-Auto-play-System/out/vcpkg_installed/x64-windows/include/absl/container/btree_map.h
    ../../../Phigros-Auto-play-System/out/vcpkg_installed/x64-windows/include/absl/container/fixed_array.h
    ../../../Phigros-Auto-play-System/out/vcpkg_installed/x64-windows/include/absl/container/flat_hash_map.h
    ../../../Phigros-Auto-play-System/out/vcpkg_installed/x64-windows/include/absl/container/hash_container_defaults.h
    ../../../Phigros-Auto-play-System/out/vcpkg_installed/x64-windows/include/absl/container/inlined_vector.h
    ../../../Phigros-Auto-play-System/out/vcpkg_installed/x64-windows/include/absl/container/internal/btree.h
    ../../../Phigros-Auto-play-System/out/vcpkg_installed/x64-windows/include/absl/container/internal/btree_container.h
    ../../../Phigros-Auto-play-System/out/vcpkg_installed/x64-windows/include/absl/container/internal/common.h
    ../../../Phigros-Auto-play-System/out/vcpkg_installed/x64-windows/include/absl/container/internal/common_policy_traits.h
    ../../../Phigros-Auto-play-System/out/vcpkg_installed/x64-windows/include/absl/container/internal/compressed_tuple.h
    ../../../Phigros-Auto-play-System/out/vcpkg_installed/x64-windows/include/absl/container/internal/container_memory.h
    ../../../Phigros-Auto-play-System/out/vcpkg_installed/x64-windows/include/absl/container/internal/hash_function_defaults.h
    ../../../Phigros-Auto-play-System/out/vcpkg_installed/x64-windows/include/absl/container/internal/hash_policy_traits.h
    ../../../Phigros-Auto-play-System/out/vcpkg_installed/x64-windows/include/absl/container/internal/hashtable_control_bytes.h
    ../../../Phigros-Auto-play-System/out/vcpkg_installed/x64-windows/include/absl/container/internal/hashtable_debug_hooks.h
    ../../../Phigros-Auto-play-System/out/vcpkg_installed/x64-windows/include/absl/container/internal/hashtablez_sampler.h
    ../../../Phigros-Auto-play-System/out/vcpkg_installed/x64-windows/include/absl/container/internal/inlined_vector.h
    ../../../Phigros-Auto-play-System/out/vcpkg_installed/x64-windows/include/absl/container/internal/layout.h
    ../../../Phigros-Auto-play-System/out/vcpkg_installed/x64-windows/include/absl/container/internal/raw_hash_map.h
    ../../../Phigros-Auto-play-System/out/vcpkg_installed/x64-windows/include/absl/container/internal/raw_hash_set.h
    ../../../Phigros-Auto-play-System/out/vcpkg_installed/x64-windows/include/absl/crc/crc32c.h
    ../../../Phigros-Auto-play-System/out/vcpkg_installed/x64-windows/include/absl/crc/internal/crc32_x86_arm_combined_simd.h
    ../../../Phigros-Auto-play-System/out/vcpkg_installed/x64-windows/include/absl/crc/internal/crc32c_inline.h
    ../../../Phigros-Auto-play-System/out/vcpkg_installed/x64-windows/include/absl/crc/internal/crc_cord_state.h
    ../../../Phigros-Auto-play-System/out/vcpkg_installed/x64-windows/include/absl/debugging/internal/demangle.h
    ../../../Phigros-Auto-play-System/out/vcpkg_installed/x64-windows/include/absl/functional/any_invocable.h
    ../../../Phigros-Auto-play-System/out/vcpkg_installed/x64-windows/include/absl/functional/function_ref.h
    ../../../Phigros-Auto-play-System/out/vcpkg_installed/x64-windows/include/absl/functional/internal/any_invocable.h
    ../../../Phigros-Auto-play-System/out/vcpkg_installed/x64-windows/include/absl/functional/internal/function_ref.h
    ../../../Phigros-Auto-play-System/out/vcpkg_installed/x64-windows/include/absl/hash/hash.h
    ../../../Phigros-Auto-play-System/out/vcpkg_installed/x64-windows/include/absl/hash/internal/city.h
    ../../../Phigros-Auto-play-System/out/vcpkg_installed/x64-windows/include/absl/hash/internal/hash.h
    ../../../Phigros-Auto-play-System/out/vcpkg_installed/x64-windows/include/absl/hash/internal/weakly_mixed_integer.h
    ../../../Phigros-Auto-play-System/out/vcpkg_installed/x64-windows/include/absl/log/absl_check.h
    ../../../Phigros-Auto-play-System/out/vcpkg_installed/x64-windows/include/absl/log/absl_log.h
    ../../../Phigros-Auto-play-System/out/vcpkg_installed/x64-windows/include/absl/log/absl_vlog_is_on.h
    ../../../Phigros-Auto-play-System/out/vcpkg_installed/x64-windows/include/absl/log/internal/check_impl.h
    ../../../Phigros-Auto-play-System/out/vcpkg_installed/x64-windows/include/absl/log/internal/check_op.h
    ../../../Phigros-Auto-play-System/out/vcpkg_installed/x64-windows/include/absl/log/internal/conditions.h
    ../../../Phigros-Auto-play-System/out/vcpkg_installed/x64-windows/include/absl/log/internal/config.h
    ../../../Phigros-Auto-play-System/out/vcpkg_installed/x64-windows/include/absl/log/internal/log_impl.h
    ../../../Phigros-Auto-play-System/out/vcpkg_installed/x64-windows/include/absl/log/internal/log_message.h
    ../../../Phigros-Auto-play-System/out/vcpkg_installed/x64-windows/include/absl/log/internal/nullguard.h
    ../../../Phigros-Auto-play-System/out/vcpkg_installed/x64-windows/include/absl/log/internal/nullstream.h
    ../../../Phigros-Auto-play-System/out/vcpkg_installed/x64-windows/include/absl/log/internal/proto.h
    ../../../Phigros-Auto-play-System/out/vcpkg_installed/x64-windows/include/absl/log/internal/strip.h
    ../../../Phigros-Auto-play-System/out/vcpkg_installed/x64-windows/include/absl/log/internal/structured_proto.h
    ../../../Phigros-Auto-play-System/out/vcpkg_installed/x64-windows/include/absl/log/internal/vlog_config.h
    ../../../Phigros-Auto-play-System/out/vcpkg_installed/x64-windows/include/absl/log/internal/voidify.h
    ../../../Phigros-Auto-play-System/out/vcpkg_installed/x64-windows/include/absl/log/log_entry.h
    ../../../Phigros-Auto-play-System/out/vcpkg_installed/x64-windows/include/absl/log/log_sink.h
    ../../../Phigros-Auto-play-System/out/vcpkg_installed/x64-windows/include/absl/memory/memory.h
    ../../../Phigros-Auto-play-System/out/vcpkg_installed/x64-windows/include/absl/meta/type_traits.h
    ../../../Phigros-Auto-play-System/out/vcpkg_installed/x64-windows/include/absl/numeric/bits.h
    ../../../Phigros-Auto-play-System/out/vcpkg_installed/x64-windows/include/absl/numeric/int128.h
    ../../../Phigros-Auto-play-System/out/vcpkg_installed/x64-windows/include/absl/numeric/int128_no_intrinsic.inc
    ../../../Phigros-Auto-play-System/out/vcpkg_installed/x64-windows/include/absl/numeric/internal/bits.h
    ../../../Phigros-Auto-play-System/out/vcpkg_installed/x64-windows/include/absl/profiling/internal/sample_recorder.h
    ../../../Phigros-Auto-play-System/out/vcpkg_installed/x64-windows/include/absl/status/internal/status_internal.h
    ../../../Phigros-Auto-play-System/out/vcpkg_installed/x64-windows/include/absl/status/internal/statusor_internal.h
    ../../../Phigros-Auto-play-System/out/vcpkg_installed/x64-windows/include/absl/status/status.h
    ../../../Phigros-Auto-play-System/out/vcpkg_installed/x64-windows/include/absl/status/statusor.h
    ../../../Phigros-Auto-play-System/out/vcpkg_installed/x64-windows/include/absl/strings/cord.h
    ../../../Phigros-Auto-play-System/out/vcpkg_installed/x64-windows/include/absl/strings/cord_analysis.h
    ../../../Phigros-Auto-play-System/out/vcpkg_installed/x64-windows/include/absl/strings/cord_buffer.h
    ../../../Phigros-Auto-play-System/out/vcpkg_installed/x64-windows/include/absl/strings/has_absl_stringify.h
    ../../../Phigros-Auto-play-System/out/vcpkg_installed/x64-windows/include/absl/strings/has_ostream_operator.h
    ../../../Phigros-Auto-play-System/out/vcpkg_installed/x64-windows/include/absl/strings/internal/cord_data_edge.h
    ../../../Phigros-Auto-play-System/out/vcpkg_installed/x64-windows/include/absl/strings/internal/cord_internal.h
    ../../../Phigros-Auto-play-System/out/vcpkg_installed/x64-windows/include/absl/strings/internal/cord_rep_btree.h
    ../../../Phigros-Auto-play-System/out/vcpkg_installed/x64-windows/include/absl/strings/internal/cord_rep_btree_navigator.h
    ../../../Phigros-Auto-play-System/out/vcpkg_installed/x64-windows/include/absl/strings/internal/cord_rep_btree_reader.h
    ../../../Phigros-Auto-play-System/out/vcpkg_installed/x64-windows/include/absl/strings/internal/cord_rep_crc.h
    ../../../Phigros-Auto-play-System/out/vcpkg_installed/x64-windows/include/absl/strings/internal/cord_rep_flat.h
    ../../../Phigros-Auto-play-System/out/vcpkg_installed/x64-windows/include/absl/strings/internal/cordz_functions.h
    ../../../Phigros-Auto-play-System/out/vcpkg_installed/x64-windows/include/absl/strings/internal/cordz_handle.h
    ../../../Phigros-Auto-play-System/out/vcpkg_installed/x64-windows/include/absl/strings/internal/cordz_info.h
    ../../../Phigros-Auto-play-System/out/vcpkg_installed/x64-windows/include/absl/strings/internal/cordz_statistics.h
    ../../../Phigros-Auto-play-System/out/vcpkg_installed/x64-windows/include/absl/strings/internal/cordz_update_scope.h
    ../../../Phigros-Auto-play-System/out/vcpkg_installed/x64-windows/include/absl/strings/internal/cordz_update_tracker.h
    ../../../Phigros-Auto-play-System/out/vcpkg_installed/x64-windows/include/absl/strings/internal/resize_uninitialized.h
    ../../../Phigros-Auto-play-System/out/vcpkg_installed/x64-windows/include/absl/strings/internal/str_format/arg.h
    ../../../Phigros-Auto-play-System/out/vcpkg_installed/x64-windows/include/absl/strings/internal/str_format/bind.h
    ../../../Phigros-Auto-play-System/out/vcpkg_installed/x64-windows/include/absl/strings/internal/str_format/checker.h
    ../../../Phigros-Auto-play-System/out/vcpkg_installed/x64-windows/include/absl/strings/internal/str_format/constexpr_parser.h
    ../../../Phigros-Auto-play-System/out/vcpkg_installed/x64-windows/include/absl/strings/internal/str_format/extension.h
    ../../../Phigros-Auto-play-System/out/vcpkg_installed/x64-windows/include/absl/strings/internal/str_format/output.h
    ../../../Phigros-Auto-play-System/out/vcpkg_installed/x64-windows/include/absl/strings/internal/str_format/parser.h
    ../../../Phigros-Auto-play-System/out/vcpkg_installed/x64-windows/include/absl/strings/internal/string_constant.h
    ../../../Phigros-Auto-play-System/out/vcpkg_installed/x64-windows/include/absl/strings/internal/stringify_sink.h
    ../../../Phigros-Auto-play-System/out/vcpkg_installed/x64-windows/include/absl/strings/numbers.h
    ../../../Phigros-Auto-play-System/out/vcpkg_installed/x64-windows/include/absl/strings/resize_and_overwrite.h
    ../../../Phigros-Auto-play-System/out/vcpkg_installed/x64-windows/include/absl/strings/str_cat.h
    ../../../Phigros-Auto-play-System/out/vcpkg_installed/x64-windows/include/absl/strings/str_format.h
    ../../../Phigros-Auto-play-System/out/vcpkg_installed/x64-windows/include/absl/strings/string_view.h
    ../../../Phigros-Auto-play-System/out/vcpkg_installed/x64-windows/include/absl/synchronization/internal/create_thread_identity.h
    ../../../Phigros-Auto-play-System/out/vcpkg_installed/x64-windows/include/absl/synchronization/internal/kernel_timeout.h
    ../../../Phigros-Auto-play-System/out/vcpkg_installed/x64-windows/include/absl/synchronization/internal/per_thread_sem.h
    ../../../Phigros-Auto-play-System/out/vcpkg_installed/x64-windows/include/absl/synchronization/mutex.h
    ../../../Phigros-Auto-play-System/out/vcpkg_installed/x64-windows/include/absl/time/civil_time.h
    ../../../Phigros-Auto-play-System/out/vcpkg_installed/x64-windows/include/absl/time/clock.h
    ../../../Phigros-Auto-play-System/out/vcpkg_installed/x64-windows/include/absl/time/internal/cctz/include/cctz/civil_time.h
    ../../../Phigros-Auto-play-System/out/vcpkg_installed/x64-windows/include/absl/time/internal/cctz/include/cctz/civil_time_detail.h
    ../../../Phigros-Auto-play-System/out/vcpkg_installed/x64-windows/include/absl/time/internal/cctz/include/cctz/time_zone.h
    ../../../Phigros-Auto-play-System/out/vcpkg_installed/x64-windows/include/absl/time/time.h
    ../../../Phigros-Auto-play-System/out/vcpkg_installed/x64-windows/include/absl/types/compare.h
    ../../../Phigros-Auto-play-System/out/vcpkg_installed/x64-windows/include/absl/types/internal/span.h
    ../../../Phigros-Auto-play-System/out/vcpkg_installed/x64-windows/include/absl/types/optional.h
    ../../../Phigros-Auto-play-System/out/vcpkg_installed/x64-windows/include/absl/types/span.h
    ../../../Phigros-Auto-play-System/out/vcpkg_installed/x64-windows/include/absl/types/variant.h
    ../../../Phigros-Auto-play-System/out/vcpkg_installed/x64-windows/include/absl/utility/utility.h
    ../../../Phigros-Auto-play-System/out/vcpkg_installed/x64-windows/include/google/protobuf/any.h
    ../../../Phigros-Auto-play-System/out/vcpkg_installed/x64-windows/include/google/protobuf/any.pb.h
    ../../../Phigros-Auto-play-System/out/vcpkg_installed/x64-windows/include/google/protobuf/arena.h
    ../../../Phigros-Auto-play-System/out/vcpkg_installed/x64-windows/include/google/protobuf/arena_align.h
    ../../../Phigros-Auto-play-System/out/vcpkg_installed/x64-windows/include/google/protobuf/arena_allocation_policy.h
    ../../../Phigros-Auto-play-System/out/vcpkg_installed/x64-windows/include/google/protobuf/arena_cleanup.h
    ../../../Phigros-Auto-play-System/out/vcpkg_installed/x64-windows/include/google/protobuf/arenastring.h
    ../../../Phigros-Auto-play-System/out/vcpkg_installed/x64-windows/include/google/protobuf/arenaz_sampler.h
    ../../../Phigros-Auto-play-System/out/vcpkg_installed/x64-windows/include/google/protobuf/descriptor.h
    ../../../Phigros-Auto-play-System/out/vcpkg_installed/x64-windows/include/google/protobuf/descriptor.pb.h
    ../../../Phigros-Auto-play-System/out/vcpkg_installed/x64-windows/include/google/protobuf/descriptor_database.h
    ../../../Phigros-Auto-play-System/out/vcpkg_installed/x64-windows/include/google/protobuf/descriptor_lite.h
    ../../../Phigros-Auto-play-System/out/vcpkg_installed/x64-windows/include/google/protobuf/empty.pb.h
    ../../../Phigros-Auto-play-System/out/vcpkg_installed/x64-windows/include/google/protobuf/endian.h
    ../../../Phigros-Auto-play-System/out/vcpkg_installed/x64-windows/include/google/protobuf/explicitly_constructed.h
    ../../../Phigros-Auto-play-System/out/vcpkg_installed/x64-windows/include/google/protobuf/extension_set.h
    ../../../Phigros-Auto-play-System/out/vcpkg_installed/x64-windows/include/google/protobuf/generated_enum_reflection.h
    ../../../Phigros-Auto-play-System/out/vcpkg_installed/x64-windows/include/google/protobuf/generated_enum_util.h
    ../../../Phigros-Auto-play-System/out/vcpkg_installed/x64-windows/include/google/protobuf/generated_message_bases.h
    ../../../Phigros-Auto-play-System/out/vcpkg_installed/x64-windows/include/google/protobuf/generated_message_reflection.h
    ../../../Phigros-Auto-play-System/out/vcpkg_installed/x64-windows/include/google/protobuf/generated_message_tctable_decl.h
    ../../../Phigros-Auto-play-System/out/vcpkg_installed/x64-windows/include/google/protobuf/generated_message_util.h
    ../../../Phigros-Auto-play-System/out/vcpkg_installed/x64-windows/include/google/protobuf/has_bits.h
    ../../../Phigros-Auto-play-System/out/vcpkg_installed/x64-windows/include/google/protobuf/implicit_weak_message.h
    ../../../Phigros-Auto-play-System/out/vcpkg_installed/x64-windows/include/google/protobuf/inlined_string_field.h
    ../../../Phigros-Auto-play-System/out/vcpkg_installed/x64-windows/include/google/protobuf/internal_visibility.h
    ../../../Phigros-Auto-play-System/out/vcpkg_installed/x64-windows/include/google/protobuf/io/coded_stream.h
    ../../../Phigros-Auto-play-System/out/vcpkg_installed/x64-windows/include/google/protobuf/io/zero_copy_stream.h
    ../../../Phigros-Auto-play-System/out/vcpkg_installed/x64-windows/include/google/protobuf/io/zero_copy_stream_impl_lite.h
    ../../../Phigros-Auto-play-System/out/vcpkg_installed/x64-windows/include/google/protobuf/json/json.h
    ../../../Phigros-Auto-play-System/out/vcpkg_installed/x64-windows/include/google/protobuf/map.h
    ../../../Phigros-Auto-play-System/out/vcpkg_installed/x64-windows/include/google/protobuf/map_entry.h
    ../../../Phigros-Auto-play-System/out/vcpkg_installed/x64-windows/include/google/protobuf/map_field.h
    ../../../Phigros-Auto-play-System/out/vcpkg_installed/x64-windows/include/google/protobuf/map_type_handler.h
    ../../../Phigros-Auto-play-System/out/vcpkg_installed/x64-windows/include/google/protobuf/message.h
    ../../../Phigros-Auto-play-System/out/vcpkg_installed/x64-windows/include/google/protobuf/message_lite.h
    ../../../Phigros-Auto-play-System/out/vcpkg_installed/x64-windows/include/google/protobuf/metadata_lite.h
    ../../../Phigros-Auto-play-System/out/vcpkg_installed/x64-windows/include/google/protobuf/micro_string.h
    ../../../Phigros-Auto-play-System/out/vcpkg_installed/x64-windows/include/google/protobuf/os_macros_restore.inc
    ../../../Phigros-Auto-play-System/out/vcpkg_installed/x64-windows/include/google/protobuf/os_macros_undef.inc
    ../../../Phigros-Auto-play-System/out/vcpkg_installed/x64-windows/include/google/protobuf/parse_context.h
    ../../../Phigros-Auto-play-System/out/vcpkg_installed/x64-windows/include/google/protobuf/port.h
    ../../../Phigros-Auto-play-System/out/vcpkg_installed/x64-windows/include/google/protobuf/port_def.inc
    ../../../Phigros-Auto-play-System/out/vcpkg_installed/x64-windows/include/google/protobuf/port_undef.inc
    ../../../Phigros-Auto-play-System/out/vcpkg_installed/x64-windows/include/google/protobuf/reflection.h
    ../../../Phigros-Auto-play-System/out/vcpkg_installed/x64-windows/include/google/protobuf/repeated_field.h
    ../../../Phigros-Auto-play-System/out/vcpkg_installed/x64-windows/include/google/protobuf/repeated_ptr_field.h
    ../../../Phigros-Auto-play-System/out/vcpkg_installed/x64-windows/include/google/protobuf/runtime_version.h
    ../../../Phigros-Auto-play-System/out/vcpkg_installed/x64-windows/include/google/protobuf/serial_arena.h
    ../../../Phigros-Auto-play-System/out/vcpkg_installed/x64-windows/include/google/protobuf/source_context.pb.h
    ../../../Phigros-Auto-play-System/out/vcpkg_installed/x64-windows/include/google/protobuf/string_block.h
    ../../../Phigros-Auto-play-System/out/vcpkg_installed/x64-windows/include/google/protobuf/stubs/common.h
    ../../../Phigros-Auto-play-System/out/vcpkg_installed/x64-windows/include/google/protobuf/stubs/platform_macros.h
    ../../../Phigros-Auto-play-System/out/vcpkg_installed/x64-windows/include/google/protobuf/stubs/port.h
    ../../../Phigros-Auto-play-System/out/vcpkg_installed/x64-windows/include/google/protobuf/thread_safe_arena.h
    ../../../Phigros-Auto-play-System/out/vcpkg_installed/x64-windows/include/google/protobuf/type.pb.h
    ../../../Phigros-Auto-play-System/out/vcpkg_installed/x64-windows/include/google/protobuf/unknown_field_set.h
    ../../../Phigros-Auto-play-System/out/vcpkg_installed/x64-windows/include/google/protobuf/util/json_util.h
    ../../../Phigros-Auto-play-System/out/vcpkg_installed/x64-windows/include/google/protobuf/util/type_resolver.h
    ../../../Phigros-Auto-play-System/out/vcpkg_installed/x64-windows/include/google/protobuf/util/type_resolver_util.h
    ../../../Phigros-Auto-play-System/out/vcpkg_installed/x64-windows/include/google/protobuf/wire_format_lite.h
    ../../../Phigros-Auto-play-System/out/vcpkg_installed/x64-windows/include/grpc/byte_buffer.h
    ../../../Phigros-Auto-play-System/out/vcpkg_installed/x64-windows/include/grpc/byte_buffer_reader.h
    ../../../Phigros-Auto-play-System/out/vcpkg_installed/x64-windows/include/grpc/compression.h
    ../../../Phigros-Auto-play-System/out/vcpkg_installed/x64-windows/include/grpc/context_types.h
    ../../../Phigros-Auto-play-System/out/vcpkg_installed/x64-windows/include/grpc/credentials.h
    ../../../Phigros-Auto-play-System/out/vcpkg_installed/x64-windows/include/grpc/event_engine/endpoint_config.h
    ../../../Phigros-Auto-play-System/out/vcpkg_installed/x64-windows/include/grpc/event_engine/event_engine.h
    ../../../Phigros-Auto-play-System/out/vcpkg_installed/x64-windows/include/grpc/event_engine/extensible.h
    ../../../Phigros-Auto-play-System/out/vcpkg_installed/x64-windows/include/grpc/event_engine/internal/memory_allocator_impl.h
    ../../../Phigros-Auto-play-System/out/vcpkg_installed/x64-windows/include/grpc/event_engine/internal/slice_cast.h
    ../../../Phigros-Auto-play-System/out/vcpkg_installed/x64-windows/include/grpc/event_engine/internal/write_event.h
    ../../../Phigros-Auto-play-System/out/vcpkg_installed/x64-windows/include/grpc/event_engine/memory_allocator.h
    ../../../Phigros-Auto-play-System/out/vcpkg_installed/x64-windows/include/grpc/event_engine/memory_request.h
    ../../../Phigros-Auto-play-System/out/vcpkg_installed/x64-windows/include/grpc/event_engine/port.h
    ../../../Phigros-Auto-play-System/out/vcpkg_installed/x64-windows/include/grpc/event_engine/slice.h
    ../../../Phigros-Auto-play-System/out/vcpkg_installed/x64-windows/include/grpc/event_engine/slice_buffer.h
    ../../../Phigros-Auto-play-System/out/vcpkg_installed/x64-windows/include/grpc/grpc.h
    ../../../Phigros-Auto-play-System/out/vcpkg_installed/x64-windows/include/grpc/grpc_crl_provider.h
    ../../../Phigros-Auto-play-System/out/vcpkg_installed/x64-windows/include/grpc/grpc_security.h
    ../../../Phigros-Auto-play-System/out/vcpkg_installed/x64-windows/include/grpc/grpc_security_constants.h
    ../../../Phigros-Auto-play-System/out/vcpkg_installed/x64-windows/include/grpc/impl/call.h
    ../../../Phigros-Auto-play-System/out/vcpkg_installed/x64-windows/include/grpc/impl/channel_arg_names.h
    ../../../Phigros-Auto-play-System/out/vcpkg_installed/x64-windows/include/grpc/impl/codegen/gpr_types.h
    ../../../Phigros-Auto-play-System/out/vcpkg_installed/x64-windows/include/grpc/impl/codegen/port_platform.h
    ../../../Phigros-Auto-play-System/out/vcpkg_installed/x64-windows/include/grpc/impl/codegen/slice.h
    ../../../Phigros-Auto-play-System/out/vcpkg_installed/x64-windows/include/grpc/impl/compression_types.h
    ../../../Phigros-Auto-play-System/out/vcpkg_installed/x64-windows/include/grpc/impl/connectivity_state.h
    ../../../Phigros-Auto-play-System/out/vcpkg_installed/x64-windows/include/grpc/impl/grpc_types.h
    ../../../Phigros-Auto-play-System/out/vcpkg_installed/x64-windows/include/grpc/impl/propagation_bits.h
    ../../../Phigros-Auto-play-System/out/vcpkg_installed/x64-windows/include/grpc/impl/slice_type.h
    ../../../Phigros-Auto-play-System/out/vcpkg_installed/x64-windows/include/grpc/passive_listener.h
    ../../../Phigros-Auto-play-System/out/vcpkg_installed/x64-windows/include/grpc/private_key_signer.h
    ../../../Phigros-Auto-play-System/out/vcpkg_installed/x64-windows/include/grpc/slice.h
    ../../../Phigros-Auto-play-System/out/vcpkg_installed/x64-windows/include/grpc/slice_buffer.h
    ../../../Phigros-Auto-play-System/out/vcpkg_installed/x64-windows/include/grpc/status.h
    ../../../Phigros-Auto-play-System/out/vcpkg_installed/x64-windows/include/grpc/support/alloc.h
    ../../../Phigros-Auto-play-System/out/vcpkg_installed/x64-windows/include/grpc/support/atm.h
    ../../../Phigros-Auto-play-System/out/vcpkg_installed/x64-windows/include/grpc/support/atm_windows.h
    ../../../Phigros-Auto-play-System/out/vcpkg_installed/x64-windows/include/grpc/support/cpu.h
    ../../../Phigros-Auto-play-System/out/vcpkg_installed/x64-windows/include/grpc/support/port_platform.h
    ../../../Phigros-Auto-play-System/out/vcpkg_installed/x64-windows/include/grpc/support/sync.h
    ../../../Phigros-Auto-play-System/out/vcpkg_installed/x64-windows/include/grpc/support/sync_abseil.h
    ../../../Phigros-Auto-play-System/out/vcpkg_installed/x64-windows/include/grpc/support/sync_generic.h
    ../../../Phigros-Auto-play-System/out/vcpkg_installed/x64-windows/include/grpc/support/time.h
    ../../../Phigros-Auto-play-System/out/vcpkg_installed/x64-windows/include/grpc/support/workaround_list.h
    ../../../Phigros-Auto-play-System/out/vcpkg_installed/x64-windows/include/grpcpp/call_context_types.h
    ../../../Phigros-Auto-play-System/out/vcpkg_installed/x64-windows/include/grpcpp/channel.h
    ../../../Phigros-Auto-play-System/out/vcpkg_installed/x64-windows/include/grpcpp/client_context.h
    ../../../Phigros-Auto-play-System/out/vcpkg_installed/x64-windows/include/grpcpp/completion_queue.h
    ../../../Phigros-Auto-play-System/out/vcpkg_installed/x64-windows/include/grpcpp/create_channel.h
    ../../../Phigros-Auto-play-System/out/vcpkg_installed/x64-windows/include/grpcpp/create_channel_posix.h
    ../../../Phigros-Auto-play-System/out/vcpkg_installed/x64-windows/include/grpcpp/generic/async_generic_service.h
    ../../../Phigros-Auto-play-System/out/vcpkg_installed/x64-windows/include/grpcpp/generic/callback_generic_service.h
    ../../../Phigros-Auto-play-System/out/vcpkg_installed/x64-windows/include/grpcpp/grpcpp.h
    ../../../Phigros-Auto-play-System/out/vcpkg_installed/x64-windows/include/grpcpp/health_check_service_interface.h
    ../../../Phigros-Auto-play-System/out/vcpkg_installed/x64-windows/include/grpcpp/impl/allowed_call_context_types.h
    ../../../Phigros-Auto-play-System/out/vcpkg_installed/x64-windows/include/grpcpp/impl/call.h
    ../../../Phigros-Auto-play-System/out/vcpkg_installed/x64-windows/include/grpcpp/impl/call_context_registry.h
    ../../../Phigros-Auto-play-System/out/vcpkg_installed/x64-windows/include/grpcpp/impl/call_op_set.h
    ../../../Phigros-Auto-play-System/out/vcpkg_installed/x64-windows/include/grpcpp/impl/call_op_set_interface.h
    ../../../Phigros-Auto-play-System/out/vcpkg_installed/x64-windows/include/grpcpp/impl/channel_argument_option.h
    ../../../Phigros-Auto-play-System/out/vcpkg_installed/x64-windows/include/grpcpp/impl/channel_interface.h
    ../../../Phigros-Auto-play-System/out/vcpkg_installed/x64-windows/include/grpcpp/impl/codegen/channel_interface.h
    ../../../Phigros-Auto-play-System/out/vcpkg_installed/x64-windows/include/grpcpp/impl/codegen/config.h
    ../../../Phigros-Auto-play-System/out/vcpkg_installed/x64-windows/include/grpcpp/impl/codegen/config_protobuf.h
    ../../../Phigros-Auto-play-System/out/vcpkg_installed/x64-windows/include/grpcpp/impl/codegen/create_auth_context.h
    ../../../Phigros-Auto-play-System/out/vcpkg_installed/x64-windows/include/grpcpp/impl/codegen/intercepted_channel.h
    ../../../Phigros-Auto-play-System/out/vcpkg_installed/x64-windows/include/grpcpp/impl/codegen/interceptor_common.h
    ../../../Phigros-Auto-play-System/out/vcpkg_installed/x64-windows/include/grpcpp/impl/codegen/metadata_map.h
    ../../../Phigros-Auto-play-System/out/vcpkg_installed/x64-windows/include/grpcpp/impl/codegen/rpc_service_method.h
    ../../../Phigros-Auto-play-System/out/vcpkg_installed/x64-windows/include/grpcpp/impl/codegen/sync.h
    ../../../Phigros-Auto-play-System/out/vcpkg_installed/x64-windows/include/grpcpp/impl/codegen/time.h
    ../../../Phigros-Auto-play-System/out/vcpkg_installed/x64-windows/include/grpcpp/impl/completion_queue_tag.h
    ../../../Phigros-Auto-play-System/out/vcpkg_installed/x64-windows/include/grpcpp/impl/create_auth_context.h
    ../../../Phigros-Auto-play-System/out/vcpkg_installed/x64-windows/include/grpcpp/impl/generic_serialize.h
    ../../../Phigros-Auto-play-System/out/vcpkg_installed/x64-windows/include/grpcpp/impl/grpc_library.h
    ../../../Phigros-Auto-play-System/out/vcpkg_installed/x64-windows/include/grpcpp/impl/intercepted_channel.h
    ../../../Phigros-Auto-play-System/out/vcpkg_installed/x64-windows/include/grpcpp/impl/interceptor_common.h
    ../../../Phigros-Auto-play-System/out/vcpkg_installed/x64-windows/include/grpcpp/impl/metadata_map.h
    ../../../Phigros-Auto-play-System/out/vcpkg_installed/x64-windows/include/grpcpp/impl/proto_utils.h
    ../../../Phigros-Auto-play-System/out/vcpkg_installed/x64-windows/include/grpcpp/impl/rpc_method.h
    ../../../Phigros-Auto-play-System/out/vcpkg_installed/x64-windows/include/grpcpp/impl/rpc_service_method.h
    ../../../Phigros-Auto-play-System/out/vcpkg_installed/x64-windows/include/grpcpp/impl/serialization_traits.h
    ../../../Phigros-Auto-play-System/out/vcpkg_installed/x64-windows/include/grpcpp/impl/server_builder_option.h
    ../../../Phigros-Auto-play-System/out/vcpkg_installed/x64-windows/include/grpcpp/impl/server_builder_plugin.h
    ../../../Phigros-Auto-play-System/out/vcpkg_installed/x64-windows/include/grpcpp/impl/server_callback_handlers.h
    ../../../Phigros-Auto-play-System/out/vcpkg_installed/x64-windows/include/grpcpp/impl/service_type.h
    ../../../Phigros-Auto-play-System/out/vcpkg_installed/x64-windows/include/grpcpp/impl/status.h
    ../../../Phigros-Auto-play-System/out/vcpkg_installed/x64-windows/include/grpcpp/impl/sync.h
    ../../../Phigros-Auto-play-System/out/vcpkg_installed/x64-windows/include/grpcpp/passive_listener.h
    ../../../Phigros-Auto-play-System/out/vcpkg_installed/x64-windows/include/grpcpp/ports_def.inc
    ../../../Phigros-Auto-play-System/out/vcpkg_installed/x64-windows/include/grpcpp/ports_undef.inc
    ../../../Phigros-Auto-play-System/out/vcpkg_installed/x64-windows/include/grpcpp/resource_quota.h
    ../../../Phigros-Auto-play-System/out/vcpkg_installed/x64-windows/include/grpcpp/security/auth_context.h
    ../../../Phigros-Auto-play-System/out/vcpkg_installed/x64-windows/include/grpcpp/security/auth_metadata_processor.h
    ../../../Phigros-Auto-play-System/out/vcpkg_installed/x64-windows/include/grpcpp/security/authorization_policy_provider.h
    ../../../Phigros-Auto-play-System/out/vcpkg_installed/x64-windows/include/grpcpp/security/credentials.h
    ../../../Phigros-Auto-play-System/out/vcpkg_installed/x64-windows/include/grpcpp/security/server_credentials.h
    ../../../Phigros-Auto-play-System/out/vcpkg_installed/x64-windows/include/grpcpp/security/tls_certificate_provider.h
    ../../../Phigros-Auto-play-System/out/vcpkg_installed/x64-windows/include/grpcpp/security/tls_certificate_verifier.h
    ../../../Phigros-Auto-play-System/out/vcpkg_installed/x64-windows/include/grpcpp/security/tls_credentials_options.h
    ../../../Phigros-Auto-play-System/out/vcpkg_installed/x64-windows/include/grpcpp/security/tls_crl_provider.h
    ../../../Phigros-Auto-play-System/out/vcpkg_installed/x64-windows/include/grpcpp/security/tls_private_key_signer.h
    ../../../Phigros-Auto-play-System/out/vcpkg_installed/x64-windows/include/grpcpp/server.h
    ../../../Phigros-Auto-play-System/out/vcpkg_installed/x64-windows/include/grpcpp/server_builder.h
    ../../../Phigros-Auto-play-System/out/vcpkg_installed/x64-windows/include/grpcpp/server_context.h
    ../../../Phigros-Auto-play-System/out/vcpkg_installed/x64-windows/include/grpcpp/server_interface.h
    ../../../Phigros-Auto-play-System/out/vcpkg_installed/x64-windows/include/grpcpp/server_posix.h
    ../../../Phigros-Auto-play-System/out/vcpkg_installed/x64-windows/include/grpcpp/support/async_stream.h
    ../../../Phigros-Auto-play-System/out/vcpkg_installed/x64-windows/include/grpcpp/support/async_unary_call.h
    ../../../Phigros-Auto-play-System/out/vcpkg_installed/x64-windows/include/grpcpp/support/byte_buffer.h
    ../../../Phigros-Auto-play-System/out/vcpkg_installed/x64-windows/include/grpcpp/support/callback_common.h
    ../../../Phigros-Auto-play-System/out/vcpkg_installed/x64-windows/include/grpcpp/support/channel_arguments.h
    ../../../Phigros-Auto-play-System/out/vcpkg_installed/x64-windows/include/grpcpp/support/client_callback.h
    ../../../Phigros-Auto-play-System/out/vcpkg_installed/x64-windows/include/grpcpp/support/client_interceptor.h
    ../../../Phigros-Auto-play-System/out/vcpkg_installed/x64-windows/include/grpcpp/support/config.h
    ../../../Phigros-Auto-play-System/out/vcpkg_installed/x64-windows/include/grpcpp/support/global_callback_hook.h
    ../../../Phigros-Auto-play-System/out/vcpkg_installed/x64-windows/include/grpcpp/support/interceptor.h
    ../../../Phigros-Auto-play-System/out/vcpkg_installed/x64-windows/include/grpcpp/support/message_allocator.h
    ../../../Phigros-Auto-play-System/out/vcpkg_installed/x64-windows/include/grpcpp/support/method_handler.h
    ../../../Phigros-Auto-play-System/out/vcpkg_installed/x64-windows/include/grpcpp/support/proto_buffer_reader.h
    ../../../Phigros-Auto-play-System/out/vcpkg_installed/x64-windows/include/grpcpp/support/proto_buffer_writer.h
    ../../../Phigros-Auto-play-System/out/vcpkg_installed/x64-windows/include/grpcpp/support/server_callback.h
    ../../../Phigros-Auto-play-System/out/vcpkg_installed/x64-windows/include/grpcpp/support/server_interceptor.h
    ../../../Phigros-Auto-play-System/out/vcpkg_installed/x64-windows/include/grpcpp/support/slice.h
    ../../../Phigros-Auto-play-System/out/vcpkg_installed/x64-windows/include/grpcpp/support/status.h
    ../../../Phigros-Auto-play-System/out/vcpkg_installed/x64-windows/include/grpcpp/support/status_code_enum.h
    ../../../Phigros-Auto-play-System/out/vcpkg_installed/x64-windows/include/grpcpp/support/string_ref.h
    ../../../Phigros-Auto-play-System/out/vcpkg_installed/x64-windows/include/grpcpp/support/stub_options.h
    ../../../Phigros-Auto-play-System/out/vcpkg_installed/x64-windows/include/grpcpp/support/sync_stream.h
    ../../../Phigros-Auto-play-System/out/vcpkg_installed/x64-windows/include/grpcpp/support/time.h
    ../../../Phigros-Auto-play-System/out/vcpkg_installed/x64-windows/include/grpcpp/version_info.h
    ../../../Phigros-Auto-play-System/out/vcpkg_installed/x64-windows/include/gtest/gtest-assertion-result.h
    ../../../Phigros-Auto-play-System/out/vcpkg_installed/x64-windows/include/gtest/gtest-death-test.h
    ../../../Phigros-Auto-play-System/out/vcpkg_installed/x64-windows/include/gtest/gtest-matchers.h
    ../../../Phigros-Auto-play-System/out/vcpkg_installed/x64-windows/include/gtest/gtest-message.h
    ../../../Phigros-Auto-play-System/out/vcpkg_installed/x64-windows/include/gtest/gtest-param-test.h
    ../../../Phigros-Auto-play-System/out/vcpkg_installed/x64-windows/include/gtest/gtest-printers.h
    ../../../Phigros-Auto-play-System/out/vcpkg_installed/x64-windows/include/gtest/gtest-test-part.h
    ../../../Phigros-Auto-play-System/out/vcpkg_installed/x64-windows/include/gtest/gtest-typed-test.h
    ../../../Phigros-Auto-play-System/out/vcpkg_installed/x64-windows/include/gtest/gtest.h
    ../../../Phigros-Auto-play-System/out/vcpkg_installed/x64-windows/include/gtest/gtest_pred_impl.h
    ../../../Phigros-Auto-play-System/out/vcpkg_installed/x64-windows/include/gtest/gtest_prod.h
    ../../../Phigros-Auto-play-System/out/vcpkg_installed/x64-windows/include/gtest/internal/custom/gtest-port.h
    ../../../Phigros-Auto-play-System/out/vcpkg_installed/x64-windows/include/gtest/internal/custom/gtest-printers.h
    ../../../Phigros-Auto-play-System/out/vcpkg_installed/x64-windows/include/gtest/internal/gtest-death-test-internal.h
    ../../../Phigros-Auto-play-System/out/vcpkg_installed/x64-windows/include/gtest/internal/gtest-filepath.h
    ../../../Phigros-Auto-play-System/out/vcpkg_installed/x64-windows/include/gtest/internal/gtest-internal.h
    ../../../Phigros-Auto-play-System/out/vcpkg_installed/x64-windows/include/gtest/internal/gtest-param-util.h
    ../../../Phigros-Auto-play-System/out/vcpkg_installed/x64-windows/include/gtest/internal/gtest-port-arch.h
    ../../../Phigros-Auto-play-System/out/vcpkg_installed/x64-windows/include/gtest/internal/gtest-port.h
    ../../../Phigros-Auto-play-System/out/vcpkg_installed/x64-windows/include/gtest/internal/gtest-string.h
    ../../../Phigros-Auto-play-System/out/vcpkg_installed/x64-windows/include/gtest/internal/gtest-type-util.h
    ../../../Phigros-Auto-play-System/out/vcpkg_installed/x64-windows/include/nlohmann/adl_serializer.hpp
    ../../../Phigros-Auto-play-System/out/vcpkg_installed/x64-windows/include/nlohmann/byte_container_with_subtype.hpp
    ../../../Phigros-Auto-play-System/out/vcpkg_installed/x64-windows/include/nlohmann/detail/abi_macros.hpp
    ../../../Phigros-Auto-play-System/out/vcpkg_installed/x64-windows/include/nlohmann/detail/conversions/from_json.hpp
    ../../../Phigros-Auto-play-System/out/vcpkg_installed/x64-windows/include/nlohmann/detail/conversions/to_chars.hpp
    ../../../Phigros-Auto-play-System/out/vcpkg_installed/x64-windows/include/nlohmann/detail/conversions/to_json.hpp
    ../../../Phigros-Auto-play-System/out/vcpkg_installed/x64-windows/include/nlohmann/detail/exceptions.hpp
    ../../../Phigros-Auto-play-System/out/vcpkg_installed/x64-windows/include/nlohmann/detail/hash.hpp
    ../../../Phigros-Auto-play-System/out/vcpkg_installed/x64-windows/include/nlohmann/detail/input/binary_reader.hpp
    ../../../Phigros-Auto-play-System/out/vcpkg_installed/x64-windows/include/nlohmann/detail/input/input_adapters.hpp
    ../../../Phigros-Auto-play-System/out/vcpkg_installed/x64-windows/include/nlohmann/detail/input/json_sax.hpp
    ../../../Phigros-Auto-play-System/out/vcpkg_installed/x64-windows/include/nlohmann/detail/input/lexer.hpp
    ../../../Phigros-Auto-play-System/out/vcpkg_installed/x64-windows/include/nlohmann/detail/input/parser.hpp
    ../../../Phigros-Auto-play-System/out/vcpkg_installed/x64-windows/include/nlohmann/detail/input/position_t.hpp
    ../../../Phigros-Auto-play-System/out/vcpkg_installed/x64-windows/include/nlohmann/detail/iterators/internal_iterator.hpp
    ../../../Phigros-Auto-play-System/out/vcpkg_installed/x64-windows/include/nlohmann/detail/iterators/iter_impl.hpp
    ../../../Phigros-Auto-play-System/out/vcpkg_installed/x64-windows/include/nlohmann/detail/iterators/iteration_proxy.hpp
    ../../../Phigros-Auto-play-System/out/vcpkg_installed/x64-windows/include/nlohmann/detail/iterators/iterator_traits.hpp
    ../../../Phigros-Auto-play-System/out/vcpkg_installed/x64-windows/include/nlohmann/detail/iterators/json_reverse_iterator.hpp
    ../../../Phigros-Auto-play-System/out/vcpkg_installed/x64-windows/include/nlohmann/detail/iterators/primitive_iterator.hpp
    ../../../Phigros-Auto-play-System/out/vcpkg_installed/x64-windows/include/nlohmann/detail/json_custom_base_class.hpp
    ../../../Phigros-Auto-play-System/out/vcpkg_installed/x64-windows/include/nlohmann/detail/json_pointer.hpp
    ../../../Phigros-Auto-play-System/out/vcpkg_installed/x64-windows/include/nlohmann/detail/json_ref.hpp
    ../../../Phigros-Auto-play-System/out/vcpkg_installed/x64-windows/include/nlohmann/detail/macro_scope.hpp
    ../../../Phigros-Auto-play-System/out/vcpkg_installed/x64-windows/include/nlohmann/detail/macro_unscope.hpp
    ../../../Phigros-Auto-play-System/out/vcpkg_installed/x64-windows/include/nlohmann/detail/meta/call_std/begin.hpp
    ../../../Phigros-Auto-play-System/out/vcpkg_installed/x64-windows/include/nlohmann/detail/meta/call_std/end.hpp
    ../../../Phigros-Auto-play-System/out/vcpkg_installed/x64-windows/include/nlohmann/detail/meta/cpp_future.hpp
    ../../../Phigros-Auto-play-System/out/vcpkg_installed/x64-windows/include/nlohmann/detail/meta/detected.hpp
    ../../../Phigros-Auto-play-System/out/vcpkg_installed/x64-windows/include/nlohmann/detail/meta/identity_tag.hpp
    ../../../Phigros-Auto-play-System/out/vcpkg_installed/x64-windows/include/nlohmann/detail/meta/is_sax.hpp
    ../../../Phigros-Auto-play-System/out/vcpkg_installed/x64-windows/include/nlohmann/detail/meta/std_fs.hpp
    ../../../Phigros-Auto-play-System/out/vcpkg_installed/x64-windows/include/nlohmann/detail/meta/type_traits.hpp
    ../../../Phigros-Auto-play-System/out/vcpkg_installed/x64-windows/include/nlohmann/detail/meta/void_t.hpp
    ../../../Phigros-Auto-play-System/out/vcpkg_installed/x64-windows/include/nlohmann/detail/output/binary_writer.hpp
    ../../../Phigros-Auto-play-System/out/vcpkg_installed/x64-windows/include/nlohmann/detail/output/output_adapters.hpp
    ../../../Phigros-Auto-play-System/out/vcpkg_installed/x64-windows/include/nlohmann/detail/output/serializer.hpp
    ../../../Phigros-Auto-play-System/out/vcpkg_installed/x64-windows/include/nlohmann/detail/string_concat.hpp
    ../../../Phigros-Auto-play-System/out/vcpkg_installed/x64-windows/include/nlohmann/detail/string_escape.hpp
    ../../../Phigros-Auto-play-System/out/vcpkg_installed/x64-windows/include/nlohmann/detail/string_utils.hpp
    ../../../Phigros-Auto-play-System/out/vcpkg_installed/x64-windows/include/nlohmann/detail/value_t.hpp
    ../../../Phigros-Auto-play-System/out/vcpkg_installed/x64-windows/include/nlohmann/json.hpp
    ../../../Phigros-Auto-play-System/out/vcpkg_installed/x64-windows/include/nlohmann/json_fwd.hpp
    ../../../Phigros-Auto-play-System/out/vcpkg_installed/x64-windows/include/nlohmann/ordered_map.hpp
    ../../../Phigros-Auto-play-System/out/vcpkg_installed/x64-windows/include/nlohmann/thirdparty/hedley/hedley.hpp
    ../../../Phigros-Auto-play-System/out/vcpkg_installed/x64-windows/include/nlohmann/thirdparty/hedley/hedley_undef.hpp
    ../../../Phigros-Auto-play-System/out/vcpkg_installed/x64-windows/include/utf8_range.h
    ../../../Phigros-Auto-play-System/out/vcpkg_installed/x64-windows/include/utf8_validity.h
    ../../include/pas/config.hpp
    ../../include/pas/core.hpp
    ../../include/pas/emulator.hpp
    ../../include/pas/game.hpp
    ../../include/pas/game_motion.hpp
    ../../include/pas/game_tracking.hpp
    ../../include/pas/grpc_transport.hpp
    ../../include/pas/runtime.hpp
    ../win-r4-ninja-release-01/generated/emulator_controller.grpc.pb.h
    ../win-r4-ninja-release-01/generated/emulator_controller.pb.h

TRACE native END exit=0
